Top queries,1/1/26 - 3/31/26 Clicks,10/1/25 - 12/31/25 Clicks,1/1/26 - 3/31/26 Impressions,10/1/25 - 12/31/25 Impressions,1/1/26 - 3/31/26 CTR,10/1/25 - 12/31/25 CTR,1/1/26 - 3/31/26 Position,10/1/25 - 12/31/25 Position
oikos,12269,8983,189601,168322,6.47%,5.34%,3.53,4.06
oikos triple zero,7623,13720,191740,124458,3.98%,11.02%,1.49,1.33
oikos protein shake,5052,6339,233688,117901,2.16%,5.38%,2.26,2.25
oikos yogurt,3831,5513,164171,111559,2.33%,4.94%,3.1,2.5
oikos protein yogurt,1872,1564,88948,50215,2.10%,3.11%,2.6,3.43
oikos greek yogurt,1618,1545,46697,36097,3.46%,4.28%,4.8,4.44
oikos pro,1310,1810,33064,23945,3.96%,7.56%,3.59,3.3
okios,868,582,11811,8159,7.35%,7.13%,1.64,1.8
oikos triple zero ingredients,722,542,6175,5046,11.69%,10.74%,1.85,2.15
oikos fusion,715,1037,4394,3995,16.27%,25.96%,1.79,1.24
oikos triple zero yogurt,649,963,14867,8147,4.37%,11.82%,1.7,1.55
oikos vanilla greek yogurt,525,204,13129,8027,4%,2.54%,2.47,2.91
oikos pro yogurt,516,591,17592,13566,2.93%,4.36%,3.29,4
oikos triple zero calories,509,232,32251,20869,1.58%,1.11%,1.63,3.34
oikos triple zero vanilla,461,288,7819,4118,5.90%,6.99%,2.29,2.12
oikos yogurt drink,444,356,9931,6374,4.47%,5.59%,2.48,2.25
oikos triple zero nutrition,392,39,10630,1815,3.69%,2.15%,2.44,2.91
oikos protein shake ingredients,383,197,4771,2102,8.03%,9.37%,1.62,1.45
oikos yogurt calories,371,208,6051,4254,6.13%,4.89%,1.96,2.06
oikos remix,361,436,3976,2647,9.08%,16.47%,1.09,1.76
oikos protein,332,290,8636,4815,3.84%,6.02%,2.5,2.26
is oikos greek yogurt,320,193,13051,7615,2.45%,2.53%,1.43,1.52
oikos protein shakes,316,320,6969,3472,4.53%,9.22%,1.82,1.57
oikos protein yogurt drink,299,256,5976,3404,5%,7.52%,2.87,2.12
oikos fusion drink,286,336,2770,1948,10.32%,17.25%,1.88,1.3
oikos pro drink,268,307,4079,3351,6.57%,9.16%,3.26,2.82
oikos triple zero nutrition facts,266,135,5288,3459,5.03%,3.90%,1.58,2.71
oikos yogurt nutrition,264,72,3429,4033,7.70%,1.79%,2.59,2.76
oikos protein drink,258,310,9596,7224,2.69%,4.29%,3.93,4.04
oikos drinkable yogurt,254,195,4637,3595,5.48%,5.42%,2.64,2.97
oikos pro yogurt drink,234,204,3400,2241,6.88%,9.10%,2.38,2.67
oikos 30g protein shake,229,106,3271,1471,7%,7.21%,2.21,1.99
triple zero yogurt,228,374,10742,8172,2.12%,4.58%,4.07,3.25
triple zero oikos,224,189,3306,1984,6.78%,9.53%,1.94,1.84
does oikos yogurt have probiotics,218,221,4497,3756,4.85%,5.88%,1.87,1.62
oikos triple zero greek yogurt,210,229,3444,1982,6.10%,11.55%,2.49,2.42
oikos triple zero yogurt nutrition facts,206,49,12240,3044,1.68%,1.61%,1.68,2.3
calories in oikos triple zero,185,109,3691,2506,5.01%,4.35%,2.07,2.79
oikos pro vanilla,181,89,2879,1578,6.29%,5.64%,2.5,2.39
dannon oikos,181,155,1777,1470,10.19%,10.54%,1.36,1.11
oikos strawberry yogurt,170,53,4552,2776,3.73%,1.91%,2.23,2.48
how many calories in oikos triple zero,166,106,4446,2536,3.73%,4.18%,1.34,2.16
oikos protein yogurt calories,162,28,2337,1186,6.93%,2.36%,1.61,1.99
oikos yogurt protein,158,111,8419,5415,1.88%,2.05%,3.2,3.5
triple zero greek yogurt,158,208,6184,4249,2.55%,4.90%,2.2,2.03
oikos 15g protein yogurt,148,48,1682,514,8.80%,9.34%,1.55,1.56
oikos usa,137,97,391,229,35.04%,42.36%,1.39,1.31
oikos zero yogurt,136,135,2521,1649,5.39%,8.19%,1.27,1.47
oikos yoghurt,134,72,2425,1519,5.53%,4.74%,5.31,5.09
oikos yogurt triple zero,125,172,3738,2253,3.34%,7.63%,1.56,1.43
oikos greek yogurt triple zero,124,78,2309,1305,5.37%,5.98%,1.91,2.08
oikos yogurt flavors,124,75,1002,682,12.38%,11%,1.89,1.91
oikos vanilla yogurt,120,62,3859,2284,3.11%,2.71%,2.38,2.53
oikos triple zero mixed berry,118,66,915,527,12.90%,12.52%,1.48,1.57
yogurt oikos,117,133,14482,9851,0.81%,1.35%,4.5,4.34
triple 0 yogurt,117,70,2347,1535,4.99%,4.56%,2.41,2.52
protein yogurt oikos,114,75,9191,6694,1.24%,1.12%,3.56,3.46
dannon oikos triple zero,111,129,1346,836,8.25%,15.43%,1.69,1.32
is oikos pro greek yogurt,109,55,2549,1388,4.28%,3.96%,1.84,1.8
oikos yogurt ingredients,109,82,1794,1440,6.08%,5.69%,2,2.24
okio yogurt,107,71,4643,2967,2.30%,2.39%,1.6,1.85
oikos chocolate protein shake,107,101,4078,2089,2.62%,4.83%,3.04,1.95
does oikos triple zero have probiotics,107,131,2076,1496,5.15%,8.76%,3.19,2.71
oikos flavors,107,81,728,548,14.70%,14.78%,1.49,1.42
oikos triple zero flavors,106,132,1176,692,9.01%,19.08%,1.79,2.16
oikos protein shots,106,17,641,171,16.54%,9.94%,2,3.42
is oikos triple zero greek yogurt,105,93,4418,3982,2.38%,2.34%,2.2,1.65
oikos shake,103,89,2991,1406,3.44%,6.33%,2.24,1.93
oikos triple zero strawberry,103,83,2104,1063,4.90%,7.81%,1.44,1.32
oikos triple zero vanilla nutrition,103,32,1605,1163,6.42%,2.75%,2.57,2.89
oikos protein shake nutrition facts,102,109,4762,2276,2.14%,4.79%,1.46,1.67
oikos zero,102,101,1826,1275,5.59%,7.92%,1.59,1.64
oikos strawberry banana drink,101,61,1227,703,8.23%,8.68%,1.82,1.04
greek yogurt oikos,100,125,6452,4479,1.55%,2.79%,3.81,2.87
oiko,99,147,5484,4235,1.81%,3.47%,3.8,4.17
oikos protein shake 30g,97,25,1335,372,7.27%,6.72%,2.14,2.84
oikos ingredients,96,82,1369,949,7.01%,8.64%,2.67,1.98
oikos flip yogurt,95,55,1382,914,6.87%,6.02%,1.36,1.39
oikos triple zero vanilla yogurt,95,36,1234,443,7.70%,8.13%,1.94,2.42
oikos triple zero yogurt ingredients,95,61,1073,863,8.85%,7.07%,2.05,1.7
oikos high protein yogurt,93,104,3732,3760,2.49%,2.77%,4.88,4.74
oikos pro 23g protein,92,74,1840,1051,5%,7.04%,2.96,2.6
oikos protein powder,92,75,1644,1114,5.60%,6.73%,1.63,1.43
oikos greek yogurt nutrition facts,90,51,2739,1592,3.29%,3.20%,1.79,3.16
oikos pro greek yogurt,89,89,2447,1811,3.64%,4.91%,2.99,4.12
oikos calories,87,42,1787,1366,4.87%,3.07%,2.27,2.45
oikos remix yogurt,85,100,1151,744,7.38%,13.44%,1.42,2.24
oikos customer service,84,59,266,140,31.58%,42.14%,2.58,1.08
oikos fusion muscle,83,103,775,622,10.71%,16.56%,2.1,1.17
oikos triple zero yogurt calories,81,38,2053,1143,3.95%,3.32%,1.49,2.53
oikos vanilla protein shake,80,7,3244,516,2.47%,1.36%,4.62,10.36
oikos pro shake,79,48,2221,487,3.56%,9.86%,2.35,1.45
oikos triple 0,79,78,1719,947,4.60%,8.24%,2.44,3.07
oikos shakes,79,70,1309,774,6.04%,9.04%,2.06,1.79
oikos zero sugar yogurt,78,61,1458,679,5.35%,8.98%,1.76,2.14
oikos banana yogurt,77,24,2132,1001,3.61%,2.40%,3.38,5.22
oikios,77,76,1569,1090,4.91%,6.97%,1.35,1.56
triple zero,75,76,4896,4726,1.53%,1.61%,4.99,5.09
oikos greek yogurt nutrition,75,47,3118,3478,2.41%,1.35%,4.16,4.73
oikos salted caramel,75,44,1345,946,5.58%,4.65%,2.34,1.95
oikos pro strawberry banana,75,35,631,312,11.89%,11.22%,1.77,2.33
does oikos have probiotics,73,61,1506,1059,4.85%,5.76%,2.65,2.41
oikos 20g protein,72,64,3032,2226,2.37%,2.88%,3.17,2.86
oikos protein yogurt nutrition facts,72,16,2197,1008,3.28%,1.59%,2.14,2.98
oikos smoothie,72,34,1339,883,5.38%,3.85%,2.65,2.41
okios yogurt,71,126,5366,3513,1.32%,3.59%,2.77,2
oikos 20g protein yogurt,70,15,2177,508,3.22%,2.95%,2.59,2.5
oukos,70,48,962,793,7.28%,6.05%,2.22,2.46
oikos flip,70,31,768,647,9.11%,4.79%,1.32,1.84
oiko triple zero,69,40,771,465,8.95%,8.60%,1.79,2.42
oikos banana cream yogurt,69,11,712,338,9.69%,3.25%,1.3,2.88
oikos website,67,50,206,131,32.52%,38.17%,1.11,1.18
oikos triple zero nutrition label,66,14,1447,728,4.56%,1.92%,3.74,5.1
oiko yogurt,63,60,3687,2774,1.71%,2.16%,2.93,3.23
oikos yogurt nutrition facts,62,16,1518,693,4.08%,2.31%,2.51,2.61
protein shakes oikos,62,25,1058,442,5.86%,5.66%,2.2,1.51
oikos logo,62,26,930,738,6.67%,3.52%,3.18,3.21
danone oikos,61,67,1486,1049,4.10%,6.39%,3.76,5.24
oikos pro protein shake,61,31,802,295,7.61%,10.51%,1.88,2.92
oikos salted caramel protein shake,60,7,1338,138,4.48%,5.07%,2.71,3.75
oikos drink,59,75,2423,1713,2.43%,4.38%,3.04,2.67
oikos vanilla,58,30,2748,1564,2.11%,1.92%,2.59,2.94
how many calories in oikos triple zero yogurt,58,74,1349,1203,4.30%,6.15%,2.41,2.19
oikos coupons,58,57,982,898,5.91%,6.35%,3.22,2.12
oikos zero sugar,57,42,989,699,5.76%,6.01%,1.75,2.35
oikos mix ins,57,76,746,427,7.64%,17.80%,1.75,2.04
oikos nutrition facts,56,42,1520,1025,3.68%,4.10%,2.26,2.94
oikos pro mango pineapple,56,27,419,215,13.37%,12.56%,1.87,2.78
oikos pro strawberry,55,34,1190,661,4.62%,5.14%,2.96,2.61
oikos 30 grams protein shake,55,24,601,299,9.15%,8.03%,2.46,1.97
ingredients in oikos triple zero,55,17,510,221,10.78%,7.69%,1.95,3.05
oikos triple zero macros,54,21,1768,1155,3.05%,1.82%,2.15,3.15
oikos 15g protein yogurt calories,54,30,1295,832,4.17%,3.61%,1.83,2.17
oikos pro vanilla yogurt,54,38,1108,560,4.87%,6.79%,1.8,2.21
oikos shake protein,54,17,1100,197,4.91%,8.63%,1.56,1.21
oikos triple zero vanilla greek yogurt,54,18,709,293,7.62%,6.14%,1.54,2.82
oikos triple zero banana,54,34,498,269,10.84%,12.64%,2.48,2.09
oikos pro shots,53,53,511,286,10.37%,18.53%,1.95,3.09
oikos protein shake strawberry banana,53,30,386,224,13.73%,13.39%,2.28,1.17
oikos vanilla triple zero,52,23,678,290,7.67%,7.93%,1.09,1.43
oikos us,52,43,89,60,58.43%,71.67%,1,1.02
protein yogurt drink,51,35,6416,4089,0.79%,0.86%,4.47,5.38
oikos peach yogurt,51,16,1328,777,3.84%,2.06%,2.35,2.26
oiko protein drink,51,37,1294,672,3.94%,5.51%,2.74,2.37
oikos protein shake flavors,51,28,694,288,7.35%,9.72%,2.38,1.68
oikos triple zero peach,50,21,635,334,7.87%,6.29%,1.31,1.99
oikos triple zero vanilla calories,49,18,1970,1090,2.49%,1.65%,1.89,3.17
oikos protein yogurt triple zero,49,27,470,210,10.43%,12.86%,1.68,2.43
danone oikos fusion,49,30,115,81,42.61%,37.04%,1.15,1.74
oiko protein shake,48,20,586,257,8.19%,7.78%,2.56,3.38
oikos vanilla protein yogurt,47,24,1605,779,2.93%,3.08%,3.44,2.51
oikos pro protein yogurt,47,45,1330,619,3.53%,7.27%,2.45,3.6
oikis,47,3,790,103,5.95%,2.91%,2.07,3.59
oikos mango pineapple,47,6,533,167,8.82%,3.59%,1.47,4.92
oikos pro drinks,47,51,492,369,9.55%,13.82%,4.91,2.51
oikos triple zero cherry,46,28,529,317,8.70%,8.83%,1.81,2.03
oikos products,46,53,217,145,21.20%,36.55%,1.61,1.68
chobani triple zero,45,32,967,706,4.65%,4.53%,3.3,2.14
oikos greek yogurt ingredients,45,16,777,348,5.79%,4.60%,3.12,2.89
oikos protein yogurt ingredients,45,35,645,413,6.98%,8.47%,2.51,1.87
oikos 30 grams protein,45,13,520,147,8.65%,8.84%,2.85,2.8
oiko triple zero yogurt,45,27,481,301,9.36%,8.97%,1.69,1.8
oikos protein shot,45,8,293,118,15.36%,6.78%,2.71,3.93
oikos triple zero banana cream,45,15,286,93,15.73%,16.13%,2.36,1.03
oikos pro flavors,44,40,497,238,8.85%,16.81%,3.84,2.02
oikos greek,43,25,2923,2302,1.47%,1.09%,3.02,3.04
oikos triple zero mixed berry nutrition,43,49,1583,952,2.72%,5.15%,1.62,1.49
oikos vanilla greek yogurt calories,43,9,696,298,6.18%,3.02%,2.03,3.13
oikos triple zero canada,42,4,1536,495,2.73%,0.81%,9.63,12.64
oikos greek yogurt vanilla,42,19,1390,1013,3.02%,1.88%,4.09,5.62
oikos protein shake 18 pack,42,21,538,324,7.81%,6.48%,3.46,2.7
oikos triple zero mixed berry ingredients,42,37,222,227,18.92%,16.30%,4.91,2.38
vanilla oikos triple zero,41,22,1200,705,3.42%,3.12%,1.39,1.58
triple zero oikos yogurt,41,25,919,393,4.46%,6.36%,1.62,2.13
oikos triple zero ingredients list,41,20,429,224,9.56%,8.93%,2.95,2.05
oikos greek yogurt protein,40,15,2581,1932,1.55%,0.78%,3.57,6.32
protein shake oikos,40,7,1322,442,3.03%,1.58%,2.9,6.71
oikos yogurt drinks,40,36,806,573,4.96%,6.28%,3.09,2.39
oikos.com,40,36,116,104,34.48%,34.62%,2.04,2.16
oikos joghurt,39,30,476,316,8.19%,9.49%,3.89,3.45
oikos protein shake calories,38,12,1632,671,2.33%,1.79%,1.9,3.79
okios pro,38,76,1542,977,2.46%,7.78%,2.81,2.31
oikos pro nutrition facts,38,20,1094,659,3.47%,3.03%,3.97,3.2
okios triple zero,38,61,882,532,4.31%,11.47%,2.55,1.54
oikos pro drinkable yogurt,38,27,840,587,4.52%,4.60%,5.23,5.82
oikos protein drinks,37,42,1420,824,2.61%,5.10%,2.75,3.57
oikos mixed berry,37,27,1379,844,2.68%,3.20%,1.62,1.95
oikos vanilla greek yogurt nutrition,37,11,1105,536,3.35%,2.05%,2.28,3.93
oikos protein shake chocolate,37,23,992,493,3.73%,4.67%,2.96,2.76
does oikos have live cultures,37,21,915,557,4.04%,3.77%,1.91,2.29
oikos drinks,37,35,867,620,4.27%,5.65%,3,2.23
does oikos greek yogurt have probiotics,37,25,628,510,5.89%,4.90%,2.98,2.27
oiko protein yogurt,36,34,2198,1363,1.64%,2.49%,3.49,3.48
oikos danone,36,29,1572,1145,2.29%,2.53%,6.11,6.72
oikos protein yogurt nutrition label,36,10,1408,708,2.56%,1.41%,1.66,2.19
oikos triple zero strawberry nutrition,36,21,820,522,4.39%,4.02%,2.27,2.34
carbs in oikos triple zero,36,44,688,638,5.23%,6.90%,2.5,1.95
oikos fusion drink pack,36,0,139,0,25.90%,0%,1,0
how many calories are in oikos triple zero yogurt,35,17,1206,690,2.90%,2.46%,1.38,2.68
oikos pro ingredients,35,14,439,306,7.97%,4.58%,3.61,3.86
oikos yogurt vanilla,34,9,1302,738,2.61%,1.22%,2.92,3.01
oikos greek yogurt calories,34,14,1022,521,3.33%,2.69%,3.92,3.22
oikos tripple zero,34,65,732,522,4.64%,12.45%,1.93,1.68
oikos greek yoghurt,34,18,477,472,7.13%,3.81%,5.24,4.87
oikos protein yogurt flavors,34,17,266,137,12.78%,12.41%,1.59,2.53
oikos pro banana yogurt,34,10,262,141,12.98%,7.09%,3.08,1.89
olkos,33,34,1354,1217,2.44%,2.79%,2.66,3.15
oikos triple zero protein,33,41,959,678,3.44%,6.05%,2.51,3.04
how many calories is oikos triple zero yogurt,33,13,801,438,4.12%,2.97%,1.75,2.5
vanilla oikos triple zero calories,33,10,780,439,4.23%,2.28%,2.32,3.08
oikos 10g protein drink,33,14,771,407,4.28%,3.44%,2.88,3.29
oikos brand,33,33,344,268,9.59%,12.31%,1.32,1.37
oikos salted caramel yogurt,32,21,565,476,5.66%,4.41%,2.37,2.11
oikos triple zero vanilla ingredients,32,19,516,391,6.20%,4.86%,2.31,2.56
oikos yogurt drink bulk,32,17,315,219,10.16%,7.76%,4.04,4.33
is oikos protein shake lactose free,31,14,987,402,3.14%,3.48%,2.54,1.87
greek yogurt oikos triple zero,31,17,804,409,3.86%,4.16%,2.08,2
do oikos protein shakes need to be refrigerated,31,3,612,262,5.07%,1.15%,1.59,2.87
oikos cookies and cream,31,13,543,139,5.71%,9.35%,1.8,1.35
chobani triple zero yogurt,31,19,486,282,6.38%,6.74%,1.63,2.55
oikos 000,31,40,328,287,9.45%,13.94%,2.05,1.66
dannon triple zero,31,26,249,179,12.45%,14.53%,2.6,1.88
oikos pro cultured dairy drink,31,23,223,123,13.90%,18.70%,4.81,4.08
oikos strawberry,30,13,813,473,3.69%,2.75%,1.85,2.45
yogurt greco triple zero,30,4,462,163,6.49%,2.45%,3.22,6
oikos banana cream,30,9,298,81,10.07%,11.11%,1.52,2.79
oikos 30g,30,4,287,102,10.45%,3.92%,2.24,3.07
mixed berry oikos triple zero,30,19,256,154,11.72%,12.34%,1.43,2.04
oikos triple zero mixed berry calories,29,11,1509,831,1.92%,1.32%,1.87,3.44
is oikos yogurt greek yogurt,29,25,1073,549,2.70%,4.55%,1.75,1.75
does oikos pro have probiotics,29,18,894,582,3.24%,3.09%,1.93,2.24
does oikos yogurt have live cultures,29,16,639,477,4.54%,3.35%,2.14,2.34
oikos greek yogurt flavors,29,18,330,231,8.79%,7.79%,6.25,3.75
oikos yogurt australia,29,12,268,108,10.82%,11.11%,1.61,2.36
oikos protein yogurt drink bulk,29,7,233,157,12.45%,4.46%,5.67,5
dannon oikos protein shake,29,13,210,110,13.81%,11.82%,1.24,1.31
oikos fusion pack,29,3,100,7,29%,42.86%,1.01,1
calories in oikos triple zero vanilla,28,13,1157,746,2.42%,1.74%,1.61,2.75
oikos yogurt 20g protein,28,12,991,518,2.83%,2.32%,3.61,2.78
oikos pro 10g protein,28,14,958,502,2.92%,2.79%,2.7,3.53
triple oikos yogurt,28,28,824,519,3.40%,5.39%,2.14,2.2
triple zero vanilla yogurt,28,14,711,319,3.94%,4.39%,1.2,1.6
oikos pro banana,28,11,449,230,6.24%,4.78%,4.63,2.34
oikos 30g protein,28,9,405,217,6.91%,4.15%,3.18,3.59
oikos smores,28,18,397,268,7.05%,6.72%,1.32,1.65
oikos fusion protein shake,28,6,290,90,9.66%,6.67%,1.18,1.89
oikos strawberry protein shake,28,3,282,100,9.93%,3%,1.43,2.03
oikos email,28,9,61,28,45.90%,32.14%,3.07,2.39
oykos yogurt,27,26,2034,1532,1.33%,1.70%,4.82,4.17
best yogurt for weight loss,27,6,1118,433,2.42%,1.39%,1.17,1.03
how many calories in an oikos triple zero yogurt,27,23,794,287,3.40%,8.01%,1.88,1.62
oikos triple zero strawberry yogurt,27,15,338,111,7.99%,13.51%,2.22,1.89
oikos pro dairy drink,27,23,231,124,11.69%,18.55%,4.1,2.37
oikos pro shot,27,12,169,93,15.98%,12.90%,5.72,1.87
oikas,26,22,1044,831,2.49%,2.65%,2.68,2.56
oikos pro vanilla greek yogurt,26,12,587,235,4.43%,5.11%,4.25,3.37
oikos protein shake ingredient list,26,15,271,101,9.59%,14.85%,1.61,1.36
oikos triple zero lemon,26,11,199,126,13.07%,8.73%,3.35,3.46
oikos recipes,26,37,88,93,29.55%,39.78%,2.67,1.41
okios protein shake,25,35,1157,711,2.16%,4.92%,2.96,3.08
oikos blueberry yogurt,25,17,1085,715,2.30%,2.38%,2.9,2.71
oikos chocolate protein shake nutrition facts,25,10,868,160,2.88%,6.25%,2,1.38
how many carbs in oikos triple zero yogurt,25,28,849,597,2.94%,4.69%,1.79,2.12
triple zero yogurt calories,25,37,645,485,3.88%,7.63%,2.64,2.38
calories oikos triple zero,25,10,603,378,4.15%,2.65%,2.57,3.43
dannon oikos triple zero vanilla,25,20,348,255,7.18%,7.84%,1.15,1.61
oikos s'mores,25,12,316,208,7.91%,5.77%,3.19,2.52
oikos protein shake gluten free,25,21,294,144,8.50%,14.58%,3.72,1.87
oikos yogurt ingredient list,25,21,277,184,9.03%,11.41%,2.73,2.07
oikos protein shake mango pineapple,25,12,208,88,12.02%,13.64%,1.08,1.03
oikos protein shake peach,25,16,178,137,14.04%,11.68%,1.17,1.83
oikos 23g protein yogurt drink bulk,25,3,164,35,15.24%,8.57%,3.59,3.51
oikos coupon,25,16,122,117,20.49%,13.68%,5.42,3.97
oikos fusion bulk,25,0,67,0,37.31%,0%,1,0
oikos contact,25,15,53,44,47.17%,34.09%,4.17,2
oikos pro protein,24,12,417,249,5.76%,4.82%,4.47,2.32
oikos pro yogurt flavors,24,21,160,119,15%,17.65%,2.21,3.26
vanilla oikos yogurt,23,17,1788,871,1.29%,1.95%,1.92,2.33
oikos triple zero vanilla yogurt nutrition facts,23,14,1514,678,1.52%,2.06%,1.88,3.03
oikos protein yogurt vanilla,23,6,1105,317,2.08%,1.89%,3.49,2.95
calories in oikos triple zero yogurt,23,14,1023,495,2.25%,2.83%,2.07,2.46
oikos vanilla bean,23,6,763,567,3.01%,1.06%,7.98,9.38
oikos pro calories,23,12,689,369,3.34%,3.25%,2.47,2.63
oikos strawberry greek yogurt,23,19,622,407,3.70%,4.67%,2.97,4.06
zero yogurt oikos,23,18,574,332,4.01%,5.42%,2.55,2.48
oikod,23,15,527,492,4.36%,3.05%,3.36,3.87
oikos remix flavors,23,34,425,245,5.41%,13.88%,4.54,1.32
oikos triple zero protein yogurt,23,21,346,182,6.65%,11.54%,2.48,3.79
oikos pro mixed berry,23,12,342,225,6.73%,5.33%,1.93,1.43
oikos protien shakes,23,17,340,157,6.76%,10.83%,2.52,1.28
oikos cherry greek yogurt,23,4,299,204,7.69%,1.96%,4.33,4.36
ingredients in oikos triple zero yogurt,23,33,294,444,7.82%,7.43%,2.69,2.58
oikos triple zero yogurt flavors,23,30,275,137,8.36%,21.90%,3.29,2.7
oikos remix coco almond chocolate,23,9,191,125,12.04%,7.20%,4.58,5.02
oikos cultured dairy drink,23,18,179,107,12.85%,16.82%,3.64,4.21
okios fusion,23,30,166,127,13.86%,23.62%,1.71,1.23
oikos muscle fusion,23,6,155,24,14.84%,25%,1.42,2.42
oikos protein shake recipes,23,3,137,25,16.79%,12%,2.09,4.56
oikos greek yogurt recipes,23,16,76,57,30.26%,28.07%,3.14,1.12
zero sugar greek yogurt,22,16,3253,2254,0.68%,0.71%,7.26,6.49
oikos plain greek yogurt,22,15,3090,2308,0.71%,0.65%,6.58,6.5
oikos 23g protein yogurt,22,17,1345,981,1.64%,1.73%,4.23,3.52
oikos protien shake,22,41,1116,563,1.97%,7.28%,2.7,2.72
oikos triple zero yogurt nutrition,22,11,1031,908,2.13%,1.21%,2.07,2.18
oikos pro 20g protein,22,34,792,409,2.78%,8.31%,3.43,1.63
oikos yogurts,22,34,640,408,3.44%,8.33%,2.35,2.25
oiko pro,22,7,544,441,4.04%,1.59%,4.67,4.94
oikos triple zero salted caramel,22,10,437,299,5.03%,3.34%,4.58,2.87
oikos greek yogurt drink,22,13,428,350,5.14%,3.71%,6.1,7.64
oikos company,22,16,408,289,5.39%,5.54%,2.11,1.85
oikos pro protein drink,22,30,395,254,5.57%,11.81%,3.26,4.02
oikois,22,18,341,293,6.45%,6.14%,2.37,2.87
oikos nutrition,22,9,301,299,7.31%,3.01%,4.82,3.6
oikos triple zero berry,22,11,282,174,7.80%,6.32%,2.17,1.45
oikos.,22,14,257,208,8.56%,6.73%,2.93,3.46
oikos pro key lime,22,11,181,128,12.15%,8.59%,1.15,5.22
oikos pro yogurt drink bulk,22,8,174,106,12.64%,7.55%,4.8,5.11
oikos triple zero recipes,22,10,94,72,23.40%,13.89%,7.49,8.72
yogurt protein drink,21,13,2562,1424,0.82%,0.91%,4.56,5.78
oikos triple zero carbs,21,30,1699,1240,1.24%,2.42%,2.23,2.83
oicos,21,15,1551,739,1.35%,2.03%,3.66,3.36
oikos protein greek yogurt,21,19,703,280,2.99%,6.79%,4.47,4.79
oikos caramel protein shake,21,15,656,451,3.20%,3.33%,2.81,2.2
oikos flips,21,5,604,378,3.48%,1.32%,2.97,3.94
oikos lemon yogurt,21,8,530,303,3.96%,2.64%,3.63,4.5
oikos key lime yogurt,21,14,478,359,4.39%,3.90%,2.91,3.1
oikos triple zero blueberry,21,23,463,274,4.54%,8.39%,1.83,2.61
oikos banana,21,9,454,278,4.63%,3.24%,3.32,3.14
oikos triple zero yogurt vanilla,21,9,430,169,4.88%,5.33%,1.34,1.57
oikos protein shake nutrition,21,12,416,1360,5.05%,0.88%,2.63,1.29
calories in triple zero oikos yogurt,21,8,376,234,5.59%,3.42%,2.6,2.7
oikos pro yogurt ingredients,21,12,339,259,6.19%,4.63%,4.11,2.04
oikos pro yogurt calories,21,2,334,189,6.29%,1.06%,3.68,3.59
oikos protein shake bulk,21,15,305,201,6.89%,7.46%,3.67,4.24
ingredients in oikos protein shake,21,9,301,112,6.98%,8.04%,1.48,1.66
oikos fusion muscle digestive health support,21,7,187,27,11.23%,25.93%,1.61,1.33
oikos pro bulk,21,10,169,119,12.43%,8.40%,4.21,5.96
oikos triple zero plain,20,2,889,524,2.25%,0.38%,3.26,2.74
oikos nonfat greek yogurt,20,13,875,525,2.29%,2.48%,3.25,3.4
oikos yogurt cups,20,8,822,595,2.43%,1.34%,4.56,5.31
oikos protein shake nutrition label,20,10,780,199,2.56%,5.03%,1.43,1.45
oiko protein shakes,20,6,768,345,2.60%,1.74%,2.82,2.23
oikos berry yogurt,20,4,642,327,3.12%,1.22%,2.89,2.49
oikos pro 25g protein yogurt,20,12,544,332,3.68%,3.61%,3.07,2.45
oikos pro peach,20,13,533,219,3.75%,5.94%,2.25,2.71
oikos vanilla yogurt nutrition facts,20,3,517,131,3.87%,2.29%,2.08,2.57
oikos lactose free,20,0,494,76,4.05%,0%,5.28,10.05
is oikos a greek yogurt,20,5,412,229,4.85%,2.18%,2.75,2.24
oikos triple zero 20g protein,20,5,387,192,5.17%,2.60%,2.93,3.92
oikos dairy drink,20,15,257,139,7.78%,10.79%,7.66,3.04
oikos remix cookies and cream,20,3,190,30,10.53%,10%,2.06,1.5
oikos pro usa,20,31,34,56,58.82%,55.36%,1,1
yogurt oikos triple zero,19,26,1572,1107,1.21%,2.35%,2.15,2.53
oikos protein shake vanilla,19,4,921,513,2.06%,0.78%,5.33,8.81
oikos yogurt protein drink,19,20,812,451,2.34%,4.43%,3.39,3.67
oikos yougurt,19,35,754,586,2.52%,5.97%,2.88,2.3
oikos protein shake lactose free,19,22,672,316,2.83%,6.96%,2.15,1.72
oikos yogurt pro,19,16,664,397,2.86%,4.03%,3.83,3.54
oikos 30g protein shake nutrition facts,19,5,449,93,4.23%,5.38%,1.19,2.1
oikos strawberry banana,19,17,429,295,4.43%,5.76%,3.1,2.45
is all oikos yogurt greek,19,9,418,216,4.55%,4.17%,2.23,1.5
oikos 15g protein,19,16,367,268,5.18%,5.97%,2.93,3.24
oikos pro smoothie,19,12,307,153,6.19%,7.84%,5.84,2.95
oikos iogurte,19,11,280,216,6.79%,5.09%,3.96,4.79
oikos protein milk,19,5,273,133,6.96%,3.76%,2.74,2.15
oikos pro 23g,19,16,186,143,10.22%,11.19%,5.08,4.88
oikos pro shakes,19,17,166,117,11.45%,14.53%,3.77,3.97
dannon oikos yogurt,19,9,161,119,11.80%,7.56%,2.04,2.65
oikos pro iogurte,19,0,111,0,17.12%,0%,2.02,0
dannon triple zero yogurt,19,11,108,85,17.59%,12.94%,1.86,1.09
protein yogurt,18,2,13661,4689,0.13%,0.04%,12.69,14.69
oikos triple zero greek yogurt nutrition facts,18,9,1120,300,1.61%,3%,1.7,3.62
okios greek yogurt,18,27,859,578,2.10%,4.67%,3.34,3.41
oikos triple zero yogurt nutrition label,18,15,858,756,2.10%,1.98%,1.89,3.53
oikos 25g protein yogurt,18,24,858,777,2.10%,3.09%,2.93,2.29
oikos protein smoothie,18,13,814,419,2.21%,3.10%,3.58,2.15
oikos pro yogurt nutrition,18,9,652,853,2.76%,1.06%,3.56,4.92
are oikos protein shakes lactose free,18,6,609,223,2.96%,2.69%,1.74,1.84
oikos protein drink nutrition facts,18,8,556,234,3.24%,3.42%,2.27,2.26
oikos peach protein yogurt,18,4,555,272,3.24%,1.47%,2.43,3.75
okois,18,15,526,362,3.42%,4.14%,1.88,2.2
oikos triple,18,30,457,338,3.94%,8.88%,1.44,1.92
how many calories are in oikos triple zero,18,14,417,338,4.32%,4.14%,2.06,3.62
oikos 30g protein yogurt,18,6,393,184,4.58%,3.26%,4.1,1.53
how many calories in oikos triple zero vanilla,18,9,307,191,5.86%,4.71%,1.68,2.47
oikos 20g protein vanilla,18,10,278,348,6.47%,2.87%,3.51,1.78
oikos pro high protein yogurt,18,16,270,256,6.67%,6.25%,6.04,5.19
oikos triple zero blended greek yogurt,18,35,248,240,7.26%,14.58%,5.16,3.07
oikos liquid yogurt,18,5,240,157,7.50%,3.18%,3.69,2.68
oikos pro cups,18,8,163,86,11.04%,9.30%,2.12,1.7
does oikos protein shake have whey,18,6,141,72,12.77%,8.33%,1.26,2.01
oikos pro peach drink,18,6,135,79,13.33%,7.59%,1.95,3.49
danon oikos,18,7,104,77,17.31%,9.09%,2.26,1.48
oykos,17,14,1586,845,1.07%,1.66%,5.39,5.63
strawberry oikos yogurt,17,6,761,338,2.23%,1.78%,2.39,2.48
oikos sugar free yogurt,17,20,603,435,2.82%,4.60%,3.92,3.33
greek yogurt triple zero,17,13,588,366,2.89%,3.55%,3.03,2.3
does oikos triple zero have live cultures,17,7,566,463,3%,1.51%,3.08,3.13
oikos triple zero drink,17,10,560,300,3.04%,3.33%,2.78,2.57
oikos protein yogurt nutrition,17,8,498,697,3.41%,1.15%,2.78,3.12
oikos strawberry protein yogurt,17,7,435,226,3.91%,3.10%,4.22,4.08
oikos triple 0 calories,17,0,395,261,4.30%,0%,3.34,3.07
oikos yogurt cup calories,17,10,380,241,4.47%,4.15%,3.52,4.59
oikos yogurt remix,17,12,368,199,4.62%,6.03%,2.14,3.57
oikos pro 23g protein drink,17,11,328,127,5.18%,8.66%,6.33,4.47
oikos muscle drink,17,3,322,55,5.28%,5.45%,1.67,2.71
okikos,17,10,317,232,5.36%,4.31%,3.35,3.94
dannon oikos greek yogurt,17,8,278,150,6.12%,5.33%,2.33,2.62
oikps,17,9,244,234,6.97%,3.85%,3.73,3.41
oikos protein shake 23g,17,13,221,121,7.69%,10.74%,2.9,4.45
oikos chocolate shake,17,5,181,72,9.39%,6.94%,2.61,1.42
dannon oikos pro,17,18,158,143,10.76%,12.59%,2.93,3.38
oikos triple zero uk,17,24,157,114,10.83%,21.05%,2.5,1.85
oikos fusion drinks,17,6,65,26,26.15%,23.08%,1.34,1.62
oikos blended greek yogurt,16,25,961,719,1.66%,3.48%,5.24,5.02
iokos,16,16,857,800,1.87%,2%,3.93,4.23
oikos yogurt shake,16,14,688,467,2.33%,3%,2.64,2.03
healthiest greek yogurt,16,0,678,10,2.36%,0%,1.12,1.9
how many calories does oikos triple zero yogurt have,16,23,664,515,2.41%,4.47%,2.47,2.39
oikos pro plain,16,12,582,336,2.75%,3.57%,4.96,6.65
how many calories oikos triple zero,16,5,501,270,3.19%,1.85%,2.66,3.1
oikos triple zero strawberry ingredients,16,34,337,225,4.75%,15.11%,2.66,2.73
how many calories in oikos triple zero yogurt vanilla,16,3,332,67,4.82%,4.48%,1.25,1.7
oikos nutrition label,16,15,303,203,5.28%,7.39%,3.84,4.92
oikos 30 gram protein shake,16,7,290,57,5.52%,12.28%,1.44,1.04
triple 0 oikos,16,18,286,185,5.59%,9.73%,1.73,1.34
oikos protein shakes ingredients,16,10,227,78,7.05%,12.82%,1.4,1.42
oikos yogurt triple zero ingredients,16,9,210,136,7.62%,6.62%,3.69,3.18
triple zero yogurt ingredients,16,15,195,154,8.21%,9.74%,2.84,3.58
oikos jogurt,16,16,191,169,8.38%,9.47%,2.09,1.76
oikos pro drink bulk,16,9,165,138,9.70%,6.52%,6.7,3.86
oikos yogurt recipes,16,13,101,70,15.84%,18.57%,3.04,4.09
oikos fusion vanilla,16,5,96,76,16.67%,6.58%,3.02,2.3
oikos 000 yogurt nutrition facts,16,3,83,12,19.28%,25%,2.47,1.25
oikos coupons printable,16,2,81,51,19.75%,3.92%,2.52,4.29
oikos triple zero nutrition info,15,19,737,572,2.04%,3.32%,3.22,4.1
oinkos,15,29,733,509,2.05%,5.70%,1.09,1.63
oikos vanilla bean greek yogurt,15,6,693,367,2.16%,1.63%,8.23,8.47
oikos yogurt macros,15,7,598,372,2.51%,1.88%,2.93,2.49
is oikos protein shake good for weight loss,15,1,540,106,2.78%,0.94%,1.13,3.74
oikos pro yogurt 20g protein,15,9,408,124,3.68%,7.26%,2.3,3.92
oikos yogurt smoothie,15,13,356,237,4.21%,5.49%,2.5,2.79
oikos triple zero sugar,15,31,319,276,4.70%,11.23%,2.21,1.82
oikos mango,15,3,319,191,4.70%,1.57%,3.61,3.62
oikos mixed berry yogurt,15,10,302,169,4.97%,5.92%,2.3,2.24
oikos caramel yogurt,15,3,289,184,5.19%,1.63%,2.62,2.65
oikos drinkable protein yogurt,15,5,268,104,5.60%,4.81%,2.63,3.23
oikos 000 yogurt,15,27,267,186,5.62%,14.52%,1.15,1.21
oiko yogurt calories,15,9,212,161,7.08%,5.59%,2.6,3.16
oikos pro 20g,15,2,210,97,7.14%,2.06%,3.66,5.03
is oikos pro yogurt greek yogurt,15,4,196,90,7.65%,4.44%,2.32,2.09
oikos s'mores yogurt,15,2,171,169,8.77%,1.18%,2.2,3.95
oilkos,15,3,145,74,10.34%,4.05%,2.67,2.64
oikos smores yogurt,15,3,139,30,10.79%,10%,1.77,2.1
oikos triple zero ingredient list,15,4,73,55,20.55%,7.27%,9.9,1.62
sugar free greek yogurt,14,18,3425,2843,0.41%,0.63%,7.61,6.86
oikos protein shake nearby,14,3,1130,497,1.24%,0.60%,4.29,4.67
oikos triple zero strawberry nutrition facts,14,8,965,286,1.45%,2.80%,1.64,2.39
oikos pro plain yogurt,14,8,685,350,2.04%,2.29%,4.45,6.43
oikos triple 0 yogurt,14,17,672,195,2.08%,8.72%,1.62,2.6
oikos yogurt triple zero calories,14,4,671,406,2.09%,0.99%,2.71,3.81
oikos high protein greek yogurt,14,12,590,365,2.37%,3.29%,6.96,6.97
oikos 20 gram protein yogurt,14,26,589,832,2.38%,3.12%,3.9,3.12
oikos protein shake 12 pack,14,4,569,196,2.46%,2.04%,4.43,4.85
okios protein,14,10,539,278,2.60%,3.60%,3.2,3.05
oikos yogurt nutrition label,14,6,498,584,2.81%,1.03%,5.35,4.57
oikos triple zero plain greek yogurt,14,13,485,228,2.89%,5.70%,1.7,1.42
oikos coconut yogurt,14,7,472,230,2.97%,3.04%,7.42,8.54
oikos triple zero pro,14,16,463,258,3.02%,6.20%,3.47,2.64
oikos protein yogurt shake,14,9,445,193,3.15%,4.66%,3.51,2.99
oikos calories triple zero,14,6,407,170,3.44%,3.53%,4.56,3.15
oikos muscle yogurt,14,30,402,272,3.48%,11.03%,1.08,1.11
oikos mixed berry yogurt nutrition facts,14,10,382,233,3.66%,4.29%,2.79,3.38
how many calories does oikos triple zero have,14,3,362,125,3.87%,2.40%,2.2,4.74
oikos triple zero lactose free,14,7,354,242,3.95%,2.89%,3.44,3.64
triple oikos,14,18,342,262,4.09%,6.87%,2.09,2.48
oikos greek yogurt strawberry,14,2,328,270,4.27%,0.74%,6.16,6.63
how many calories in a oikos triple zero yogurt,14,9,318,490,4.40%,1.84%,2.39,2.92
oikos pro macros,14,2,312,177,4.49%,1.13%,3.41,2.86
oilos triple zero,14,16,294,131,4.76%,12.21%,3.24,1.13
oikos pro 23g protein yogurt,14,11,274,205,5.11%,5.37%,3.25,5
oikos protein yogurt macros,14,3,262,172,5.34%,1.74%,3.39,3.17
oikos pro yogurt vanilla,14,10,253,107,5.53%,9.35%,1.77,2.93
oikoz,14,5,241,200,5.81%,2.50%,1.6,2.02
where to buy oikos yogurt,14,6,236,94,5.93%,6.38%,4.28,5.15
triple zero greek yogurt nutrition,14,6,182,230,7.69%,2.61%,3.99,4.76
does oikos greek yogurt have live cultures,14,4,180,140,7.78%,2.86%,1.87,2.05
oikos japan,14,6,170,155,8.24%,3.87%,4.46,5.15
oikos triple zero greek yogurt ingredients,14,8,170,168,8.24%,4.76%,5.64,3.73
oikos pineapple mango,14,5,158,72,8.86%,6.94%,1.6,4.97
oikos iaurt,14,2,134,65,10.45%,3.08%,2.05,6.34
oikos salted caramel remix,14,12,133,182,10.53%,6.59%,4.12,5.13
"oikos 30g protein shake, vanilla, 12 fl oz, 18-pack",14,5,117,62,11.97%,8.06%,3.78,3.95
oikos 30 g protein shake,14,0,109,0,12.84%,0%,1.79,0
oikos rtd protein shake,14,6,107,63,13.08%,9.52%,1.12,1.48
oikos 30g chocolate protein shake,14,0,97,0,14.43%,0%,1.88,0
oikos pro mango pineapple pack,14,0,92,0,15.22%,0%,1.32,0
oikos remix bulk,14,7,80,53,17.50%,13.21%,1.05,2.47
oikos fusion yogurt,14,13,78,78,17.95%,16.67%,1.35,1.22
yogurt oikos protein,13,5,1683,789,0.77%,0.63%,4.02,4.46
oiko greek yogurt,13,14,1340,1043,0.97%,1.34%,2.49,2.29
oikos triple zero calories vanilla,13,5,970,461,1.34%,1.08%,2.02,3.2
oikos.protein shake,13,33,903,580,1.44%,5.69%,2.45,2.2
oikos proteina,13,6,715,255,1.82%,2.35%,7.37,8.32
oikos 15 gram protein yogurt,13,19,570,181,2.28%,10.50%,1.51,1.29
does oikos triple zero yogurt have probiotics,13,17,534,392,2.43%,4.34%,5.43,5.28
oikos plain greek yogurt nutrition,13,2,455,223,2.86%,0.90%,6.24,8.65
oikos cherry yogurt,13,5,449,305,2.90%,1.64%,2.93,2.45
oikos pro 10g protein drink,13,17,444,285,2.93%,5.96%,2.97,2.3
how many calories in a oikos triple zero yogurt cup,13,2,429,18,3.03%,11.11%,1.43,12.17
oikos pro 20g protein yogurt,13,8,389,209,3.34%,3.83%,4.93,2.7
does oikos triple zero yogurt have live cultures,13,17,378,386,3.44%,4.40%,3.03,3.81
oikos high protein,13,19,376,435,3.46%,4.37%,5.95,5.32
oikos protein shake yogurt,13,6,356,121,3.65%,4.96%,2.11,1.52
oikos shots,13,6,339,143,3.83%,4.20%,2.41,1.8
oikos vanilla yogurt calories,13,4,324,218,4.01%,1.83%,2.26,2.19
oikos yogurt 15g protein calories,13,4,303,158,4.29%,2.53%,1.78,3.23
oikos protein shake macros,13,2,290,113,4.48%,1.77%,1.04,1.42
oikos triple zero 5.3 oz calories,13,2,281,176,4.63%,1.14%,2.1,3.22
oikos triple zero nonfat greek yogurt,13,10,253,109,5.14%,9.17%,1.88,1.72
oikos cups,13,5,252,185,5.16%,2.70%,5.02,5.54
is oikos protein shake gluten free,13,4,230,51,5.65%,7.84%,1.62,1.8
oikos triple zero 5.3 oz nutrition facts,13,3,226,78,5.75%,3.85%,1.54,1.54
oikos remix salted caramel,13,19,225,211,5.78%,9%,3.52,4.56
oikos triple vanilla greek yogurt,13,0,216,0,6.02%,0%,1.19,0
oikos pro pack,13,8,209,136,6.22%,5.88%,5.14,1.87
oikos pro mango,13,13,158,128,8.23%,10.16%,2.61,2.3
oikos yogurt strawberry,12,10,762,478,1.57%,2.09%,2.1,3.41
oikos 20 grams protein,12,8,669,290,1.79%,2.76%,3.87,1.97
oikos 25 gram protein yogurt,12,5,633,190,1.90%,2.63%,3.19,4.22
oikos pro costco,12,8,546,377,2.20%,2.12%,7.96,7.45
vanilla oikos,12,7,545,333,2.20%,2.10%,1.68,2.75
oikos protien,12,15,489,280,2.45%,5.36%,3.86,1.79
triple zero yogurt oikos,12,6,488,89,2.46%,6.74%,1.57,4
oikos protein shake salted caramel,12,1,486,18,2.47%,5.56%,4.93,4.56
remix yogurt,12,3,484,205,2.48%,1.46%,3.7,4.27
oikos 23g protein drink,12,13,469,307,2.56%,4.23%,2.96,4.82
banana oikos yogurt,12,3,433,162,2.77%,1.85%,3.04,4.14
where to buy oikos protein shake,12,7,401,123,2.99%,5.69%,3.98,5.63
oikos vanilla triple zero calories,12,7,382,290,3.14%,2.41%,2.94,2.87
salted caramel oikos,12,10,375,291,3.20%,3.44%,2.78,3.13
oikos triple.zero,12,22,358,270,3.35%,8.15%,3.23,1.17
oikos protein shake strawberry,12,8,342,166,3.51%,4.82%,1.94,2.38
oikos greek yogurt 20g protein,12,4,333,174,3.60%,2.30%,4.72,2.88
oikos greek vanilla yogurt,12,1,332,225,3.61%,0.44%,5.21,4.96
oikos yogurt protein shake,12,5,316,137,3.80%,3.65%,4.59,2.49
oiko pro yogurt,12,4,282,139,4.26%,2.88%,3.62,3.62
oukos pro,12,12,281,198,4.27%,6.06%,2.31,3.47
is oikos greek yogurt probiotic,12,4,278,169,4.32%,2.37%,2.01,1.53
oikos triple zero mixed berry yogurt nutrition facts,12,1,275,58,4.36%,1.72%,1.29,1.79
how many calories is in oikos triple zero,12,2,264,127,4.55%,1.57%,2.84,3.96
does oikos pro yogurt have probiotics,12,8,243,159,4.94%,5.03%,3.73,3.03
are oikos protein shakes gluten free,12,0,236,39,5.08%,0%,2.58,5.56
how many calories in triple zero yogurt,12,6,233,149,5.15%,4.03%,4.81,2.6
oikos pro triple zero,12,7,230,147,5.22%,4.76%,2.92,3.07
oikos peach yogurt drink,12,6,227,135,5.29%,4.44%,2.5,3.18
okyos,12,6,221,192,5.43%,3.12%,2.65,3.21
is oikos pro a greek yogurt,12,4,200,109,6%,3.67%,1.17,1.76
oikos protein shake powder,12,11,190,183,6.32%,6.01%,1.26,1.52
oikos triple zero how many calories,12,4,182,125,6.59%,3.20%,3.4,3.67
oikos triple yogurt,12,7,178,116,6.74%,6.03%,2.24,3.72
oikos triple zero shake,12,6,168,120,7.14%,5%,4.01,2.29
oikos 18 pack protein shake,12,4,159,51,7.55%,7.84%,3.68,3.49
how many calories is in oikos triple zero yogurt,12,0,128,70,9.38%,0%,1.18,2.04
oikos strawberry banana protein drink,12,8,123,80,9.76%,10%,1.4,1.75
oikos mango pineapple drink,12,12,121,166,9.92%,7.23%,5.17,3.31
oikos dannon,12,10,117,104,10.26%,9.62%,1.62,1.62
oikos yogurt drink pack,12,5,111,80,10.81%,6.25%,7.15,2.08
oikos vanilla ingredients,12,3,77,45,15.58%,6.67%,1.44,1.51
oikos pro fusion,12,7,54,36,22.22%,19.44%,1.83,1.22
high protein greek yogurt,11,5,3589,2789,0.31%,0.18%,10.94,14.15
oikos plain yogurt,11,2,1146,557,0.96%,0.36%,6.54,7.69
oikos triple zero strawberry calories,11,5,1029,841,1.07%,0.59%,4.03,3.31
what is oikos,11,2,846,672,1.30%,0.30%,4.64,4.51
oikos strawberry yogurt calories,11,5,787,456,1.40%,1.10%,2.37,2.74
oikos 23 gram protein yogurt,11,4,662,394,1.66%,1.02%,4.68,4.53
okinos yogurt,11,17,628,417,1.75%,4.08%,2.69,1.94
oikos mixed berry triple zero calories,11,3,552,219,1.99%,1.37%,2.22,2.96
oikos macros,11,11,459,284,2.40%,3.87%,1.66,3.7
calories in oikos yogurt,11,9,377,215,2.92%,4.19%,2.36,1.94
how many calories in oikos triple zero yogurt strawberry,11,3,375,83,2.93%,3.61%,1.4,1.77
oikos yogurt zero sugar,11,8,338,206,3.25%,3.88%,2.9,2.52
oikos mini yogurt drink,11,6,331,217,3.32%,2.76%,2.49,2.21
oukos yogurt,11,8,330,232,3.33%,3.45%,2.82,2.02
oikos protein yogurt 20g,11,4,319,161,3.45%,2.48%,8.07,2.55
okios protein shakes,11,8,307,173,3.58%,4.62%,2.94,3.34
protein yogurt oikos calories,11,4,296,181,3.72%,2.21%,2.86,3.64
oikos blueberry greek yogurt,11,3,295,125,3.73%,2.40%,3.45,4.73
pikos pro,11,10,294,186,3.74%,5.38%,4.32,3.45
oikos yogurt banana,11,1,262,179,4.20%,0.56%,4.17,3.28
okai yogurt,11,5,253,180,4.35%,2.78%,1.34,1.7
oikos zero sugar greek yogurt,11,5,250,132,4.40%,3.79%,4.3,3.95
does oikos protein shake need to be refrigerated,11,0,244,86,4.51%,0%,1.18,2.94
oikos complete protein,11,9,244,185,4.51%,4.86%,4.85,3.73
danone oikos greek yogurt,11,11,233,188,4.72%,5.85%,3.6,3.12
oikos protein shake 30 grams,11,7,228,111,4.82%,6.31%,2.62,1.43
mixed berry oikos,11,4,198,146,5.56%,2.74%,1.21,1.58
oikos pro strawberry drink,11,4,183,84,6.01%,4.76%,1.74,4.64
onki yogurt,11,7,177,124,6.21%,5.65%,1.16,1.21
oikos probiotics,11,17,173,174,6.36%,9.77%,2.24,2.8
oikos triple zero vanilla yogurt ingredients,11,6,170,107,6.47%,5.61%,6.57,2.63
oikos triple zero caramel,11,12,153,114,7.19%,10.53%,2.71,2.22
oikos triple zero greek nonfat yogurt,11,26,151,153,7.28%,16.99%,2.21,3.04
oikos triple zero calories 15g protein,11,3,148,72,7.43%,4.17%,1.29,1.57
oikos protein shake carbs,11,4,139,46,7.91%,8.70%,1.06,1.7
how much sugar in oikos triple zero yogurt,11,1,137,38,8.03%,2.63%,1.15,1.45
oikos 20 gram protein,11,5,134,95,8.21%,5.26%,3.41,1.86
oikos vanilla yogurt ingredients,11,2,130,128,8.46%,1.56%,1.8,2.21
oikos cookies and cream yogurt,11,0,125,0,8.80%,0%,1.18,0
okios flip,11,1,124,69,8.87%,1.45%,1.27,1.45
oikos triple zero nutritional facts,11,2,114,83,9.65%,2.41%,4.44,8.45
okios yogurt calories,11,0,112,66,9.82%,0%,2.02,1.55
oikos ingredients list,11,13,109,139,10.09%,9.35%,3.64,1.85
yogurt bundt cake recipe,11,3,106,89,10.38%,3.37%,7.57,7.47
strawberry banana oikos drink,11,0,100,46,11%,0%,1.17,1.13
oikos protein yogurt flip,11,1,95,79,11.58%,1.27%,1.31,1.39
oikos fusion strawberry,11,4,76,50,14.47%,8%,1.43,1
banana oikos triple zero,11,8,75,79,14.67%,10.13%,1.11,1.23
oikos pro 23g protein yogurt drink,11,2,66,30,16.67%,6.67%,2.18,3.2
oikos fusion yogurt drink,11,5,58,20,18.97%,25%,2.5,1.1
vanilla greek yogurt nutrition,10,6,1458,927,0.69%,0.65%,4.09,7.53
oki yogurt,10,9,1027,703,0.97%,1.28%,2.96,2.65
yogurt triple zero,10,12,724,682,1.38%,1.76%,2.47,2.51
best greek yogurt for weight loss,10,0,600,17,1.67%,0%,1.12,3.29
oikos triple zero probiotics,10,29,596,489,1.68%,5.93%,2.98,2.8
oikos 15g protein yogurt nutrition facts,10,2,543,199,1.84%,1.01%,2.73,2.95
oikos pro drink nutrition facts,10,9,480,283,2.08%,3.18%,2.66,4.71
oikos 23g protein,10,14,438,460,2.28%,3.04%,5.61,4.69
oilos,10,2,437,112,2.29%,1.79%,2.41,3.63
triple zero yogurt nutrition,10,12,436,472,2.29%,2.54%,2.65,2.3
proteina oikos,10,6,426,197,2.35%,3.05%,3.17,2.6
oikos 0 greek yogurt,10,9,422,406,2.37%,2.22%,5.66,7.06
oikos protein yogurt strawberry,10,8,412,218,2.43%,3.67%,3.8,2.44
oikos complete protein yogurt,10,7,390,141,2.56%,4.96%,1.98,2.57
greek yogurt protein oikos,10,6,323,209,3.10%,2.87%,5.81,4.32
oikos caramel,10,2,309,269,3.24%,0.74%,5.54,4.06
triple zero greek yogurt calories,10,4,279,103,3.58%,3.88%,3.8,5.38
oikos yogurt flip,10,9,276,206,3.62%,4.37%,2.47,2.78
oikos dairy free yogurt,10,1,269,73,3.72%,1.37%,5.3,9.33
is oikos yogurt pasteurized,10,10,258,320,3.88%,3.12%,4.12,4.58
oikos pros,10,8,249,148,4.02%,5.41%,3.49,4.18
oikos triple zero chocolate,10,1,244,94,4.10%,1.06%,6.23,9.4
oikos triple berry yogurt,10,6,212,180,4.72%,3.33%,3.02,2.36
oikos triple zero have probiotics,10,13,211,189,4.74%,6.88%,5.13,5.71
oikos greek yogurt probiotics,10,9,193,234,5.18%,3.85%,3.97,2.11
oikos triple zero 15g protein,10,4,189,133,5.29%,3.01%,4.42,4.56
oikos milk,10,6,184,92,5.43%,6.52%,1.23,1.18
oikos triple zero 32 oz,10,8,184,116,5.43%,6.90%,1.36,1.67
oikos triple zero cups,10,3,182,105,5.49%,2.86%,4.55,3.41
how many calories in a oiko yogurt,10,0,180,0,5.56%,0%,1.38,0
does oikos protein yogurt have probiotics,10,1,178,125,5.62%,0.80%,1.38,2.49
oikos mixed berry triple zero,10,6,178,85,5.62%,7.06%,2.6,2.35
oikos 15g,10,5,177,135,5.65%,3.70%,4.41,4.27
oikos protein pro,10,5,170,103,5.88%,4.85%,4.13,5.29
oikos pro drink 23g,10,7,169,107,5.92%,6.54%,4.39,6.79
oikos triple vanilla,10,3,167,48,5.99%,6.25%,1.16,1.67
oikos vanilla calories,10,1,150,86,6.67%,1.16%,3.1,2.63
calories in a oikos triple zero,10,5,145,110,6.90%,4.55%,3.78,1.85
oikos milkshake,10,8,141,84,7.09%,9.52%,1.16,1.42
oikos yogurt smores,10,9,136,86,7.35%,10.47%,1.04,1.03
oikos triple zero fiber content,10,4,133,81,7.52%,4.94%,1.77,1.93
oikos pro protein yogurt nutrition facts,10,3,128,63,7.81%,4.76%,2.15,2.65
oikos s'mores remix,10,14,128,175,7.81%,8%,5.88,2.51
oikkos,10,5,125,99,8%,5.05%,3.7,4.93
does oikos triple zero have fiber,10,4,119,78,8.40%,5.13%,1.76,2.19
oikos pro 23,10,9,117,118,8.55%,7.63%,4.78,4.16
oikos strawberry yogurt ingredients,10,6,114,103,8.77%,5.83%,5.34,3.01
oikos zero ingredients,10,13,111,129,9.01%,10.08%,6.45,1.59
are oikos protein shake bottles recyclable,10,1,105,2,9.52%,50%,1.39,1
oikos protein yogurt bulk,10,4,100,65,10%,6.15%,3.01,2.17
oikos triple zero smoothie,10,3,99,94,10.10%,3.19%,7.7,2.31
oiikos,10,7,95,69,10.53%,10.14%,2.35,2.55
oikos zero protein yogurt,10,0,94,0,10.64%,0%,1.1,0
oikos protein yogurt drink pack,10,8,94,70,10.64%,11.43%,3.3,4.89
oikos greek yogurt have probiotics,10,4,82,86,12.20%,4.65%,1.32,1.56
oikos protein strawberry banana,10,5,76,38,13.16%,13.16%,1.25,1.61
ingredients in oikos triple zero vanilla yogurt,10,6,70,43,14.29%,13.95%,1.67,1.3
oikos protein shake 30g protein,10,3,64,29,15.62%,10.34%,1.47,2.62
oikos yogurt smoothie recipes,10,1,57,9,17.54%,11.11%,2.47,1.11
danone oikos pro,10,5,49,38,20.41%,13.16%,4.45,5.05
oikos ingredients triple zero,10,0,30,0,33.33%,0%,1.2,0
oikos yogurt usa,10,2,21,3,47.62%,66.67%,1,1
vanilla greek yogurt,9,4,6857,3843,0.13%,0.10%,10.13,10.42
zero sugar yogurt,9,10,3346,2550,0.27%,0.39%,11.04,11.12
triple 0,9,11,1345,1343,0.67%,0.82%,6.42,6.32
zero greek yogurt,9,15,1295,695,0.69%,2.16%,3.75,3.26
oikos優格,9,7,593,273,1.52%,2.56%,7.97,3.16
oikos pro chocolate,9,1,589,35,1.53%,2.86%,1.38,1.8
oikios yogurt,9,20,552,367,1.63%,5.45%,2.75,1.83
oikos pro vanilla yogurt nutrition facts,9,1,472,118,1.91%,0.85%,2.75,2.61
oikos protein vanilla yogurt,9,2,457,296,1.97%,0.68%,3.63,4.02
does oikos protein shake have lactose,9,16,453,230,1.99%,6.96%,1.79,1.78
oikos vanilla bean yogurt,9,3,453,137,1.99%,2.19%,8.61,9.35
protein oikos,9,6,448,295,2.01%,2.03%,3.4,3.67
best greek yogurt for diabetics,9,1,432,88,2.08%,1.14%,1.31,1.17
oikos triple zero strawberry nutrition label,9,22,419,442,2.15%,4.98%,2.67,3.2
banana oikos,9,4,419,199,2.15%,2.01%,2.71,2.74
is oikos yogurt probiotic,9,2,405,202,2.22%,0.99%,2.79,2.41
oikos yogurt probiotics,9,8,403,325,2.23%,2.46%,2.42,3.37
oikos triple zero strawberry yogurt nutrition facts,9,6,397,191,2.27%,3.14%,2.11,3.93
triple 0 greek yogurt,9,7,374,220,2.41%,3.18%,4.67,3.07
iogurte oikos,9,2,364,228,2.47%,0.88%,5.42,5.29
000 yogurt,9,9,331,280,2.72%,3.21%,3.43,3.29
yogurt that starts with o,9,5,312,231,2.88%,2.16%,1.36,1.5
okios yogurt drink,9,11,311,195,2.89%,5.64%,2.85,2.79
oikos no sugar yogurt,9,5,275,158,3.27%,3.16%,5.11,3.58
protein in oikos greek yogurt,9,1,274,148,3.28%,0.68%,4.65,5.24
vanilla triple zero oikos,9,3,267,98,3.37%,3.06%,1.22,1.6
oikos.triple zero,9,28,245,268,3.67%,10.45%,2.45,2.13
oki protein yogurt,9,3,240,96,3.75%,3.12%,4.94,3.16
oikos vanilla protein,9,0,239,74,3.77%,0%,5.78,8.91
oikos pro complete protein,9,7,224,116,4.02%,6.03%,3.36,4.67
oikos cherry,9,0,222,144,4.05%,0%,3.17,2.89
does oikos yogurt have fiber,9,10,221,142,4.07%,7.04%,3.09,1.96
oikos protein yogurt drinks,9,6,215,140,4.19%,4.29%,6.26,4.26
oikos smoothies,9,4,209,174,4.31%,2.30%,3.73,1.9
oukos triple zero,9,16,199,113,4.52%,14.16%,4.66,1.17
oikos key lime,9,4,196,136,4.59%,2.94%,3.93,3.47
oki protein shake,9,5,195,98,4.62%,5.10%,1.33,1.19
protein oikos greek yogurt,9,35,178,169,5.06%,20.71%,6.04,3.92
oikos triple zero calcium,9,2,175,139,5.14%,1.44%,4.3,5.61
oikos strawberry triple zero,9,5,158,90,5.70%,5.56%,1.18,1.38
how much sugar in oikos triple zero,9,7,153,167,5.88%,4.19%,2.48,2.2
oikos chocolate protein,9,6,150,50,6%,12%,2.2,1.28
oikos protein yogurt 15g calories,9,1,144,52,6.25%,1.92%,1.15,1.79
oikos triple.zero yogurt,9,6,142,48,6.34%,12.50%,1.37,1.31
oikos pro mixed berry yogurt,9,7,137,88,6.57%,7.95%,1.81,1.16
nutritional value of oikos triple zero yogurt,9,3,127,70,7.09%,4.29%,4.97,2.26
savoury recipes with greek yogurt,9,9,127,159,7.09%,5.66%,5.89,4.19
oikos cup calories,9,1,123,93,7.32%,1.08%,1.16,2.48
is oikos greek yogurt a probiotic,9,7,120,94,7.50%,7.45%,1.42,1.39
ingredients oikos triple zero,9,17,119,134,7.56%,12.69%,10.53,6.12
oikos creamer,9,3,115,88,7.83%,3.41%,1.21,1.28
calories in oikos 15g protein yogurt,9,3,115,86,7.83%,3.49%,1.74,1.6
oikos triple zero yogurt cups,9,7,115,58,7.83%,12.07%,3.81,1.17
oikos pro yogurt drinks,9,7,114,63,7.89%,11.11%,4.89,4.78
oikos triple zero mixed berry yogurt,9,3,113,58,7.96%,5.17%,3.35,1.34
oikos coco almond chocolate,9,21,107,171,8.41%,12.28%,4.79,2.29
oikos 11g protein yogurt,9,6,95,86,9.47%,6.98%,1.26,1.38
oikos yogurt whole foods,9,9,94,70,9.57%,12.86%,3.06,2.76
oikos whole foods,9,13,88,84,10.23%,15.48%,2.98,1.85
oikos vanilla bean yogurt near me,9,3,87,61,10.34%,4.92%,2.9,2.89
oikos pro strawberry banana drink,9,13,70,63,12.86%,20.63%,1.54,1.06
oikos triple zero banana cream yogurt nutrition,9,2,69,30,13.04%,6.67%,1.25,2.23
danone oikos triple zero,9,14,67,52,13.43%,26.92%,1.76,1.19
oikos remix smores,9,6,66,46,13.64%,13.04%,1.26,2.13
triple zero oikos ingredients,9,7,63,69,14.29%,10.14%,7.17,7.62
oikos protein yogurt recipes,9,0,55,0,16.36%,0%,1.38,0
danone oikos protein shake,9,15,55,53,16.36%,28.30%,1.93,1.06
oikos greek yogurt smoothie,9,2,49,40,18.37%,5%,1.88,1.05
oikos customer service email,9,0,18,0,50%,0%,1.17,0
oikos fusion danone,9,11,16,32,56.25%,34.38%,1.12,2.44
oikos triple zero calories strawberry,8,3,1051,629,0.76%,0.48%,2.44,3.67
greek oikos yogurt,8,4,744,469,1.08%,0.85%,3.06,3.43
is oikos triple zero lactose free,8,15,639,647,1.25%,2.32%,2.91,2.73
oikos peach,8,5,490,298,1.63%,1.68%,2.87,2.29
oikos probiotic yogurt,8,14,450,283,1.78%,4.95%,3,2.69
oikos 17g protein yogurt,8,0,433,146,1.85%,0%,5.04,6.27
oikos pro strawberry yogurt,8,11,372,202,2.15%,5.45%,3.3,2.38
how many calories in oikos yogurt,8,7,356,271,2.25%,2.58%,3.18,2.37
oikos 18 pack,8,0,318,39,2.52%,0%,5.28,8.13
how many calories are in an oikos triple zero yogurt,8,6,298,148,2.68%,4.05%,1.85,2.96
oikos greek yogurt macros,8,1,289,142,2.77%,0.70%,2.78,3.01
oikos peach yogurt nutrition facts,8,13,264,156,3.03%,8.33%,2.65,2.79
okias,8,13,242,254,3.31%,5.12%,1.64,2.39
is oikos greek yogurt?,8,4,237,114,3.38%,3.51%,1.2,1.39
triple zero vanilla greek yogurt,8,2,235,25,3.40%,8%,1.39,1.2
oikos near me,8,5,226,127,3.54%,3.94%,2.17,3.22
oikos triple zero protein shake,8,1,221,149,3.62%,0.67%,3.43,7
oikos protein yogurt banana,8,3,197,82,4.06%,3.66%,3.03,1.67
oikos yogurt zero,8,10,190,133,4.21%,7.52%,3.26,3.47
oikos triple zero yogurt macros,8,0,189,141,4.23%,0%,2.12,4.2
triple zero protein yogurt,8,4,187,117,4.28%,3.42%,2.49,3.59
what is oikos yogurt,8,12,186,127,4.30%,9.45%,1.91,2.4
oikos protein shake caramel,8,0,169,21,4.73%,0%,6.98,3.14
how many calories are in the oikos triple zero yogurt,8,8,168,100,4.76%,8%,5.23,1.69
oikos triple zero yogurt nutrition facts vanilla,8,0,165,14,4.85%,0%,1.47,2.93
oikos triple zero berry nutrition,8,4,162,116,4.94%,3.45%,2.02,5.51
oikos yogurt smoothies,8,2,161,66,4.97%,3.03%,2.32,3.68
oikos protein drink ingredients,8,3,160,90,5%,3.33%,2.04,1.88
oikos high protein yogurt nutrition,8,6,153,125,5.23%,4.80%,4.34,4.09
oikos griechischer joghurt,8,4,151,41,5.30%,9.76%,4.85,3.66
calories in oikos protein yogurt,8,5,147,100,5.44%,5%,1.51,3.17
greek yogurt oikos calories,8,3,147,112,5.44%,2.68%,2.78,2.73
does triple zero yogurt have probiotics,8,4,143,122,5.59%,3.28%,7.78,5.88
oikos yogurt salted caramel,8,6,142,101,5.63%,5.94%,1.95,2.36
oikos yogurt calories vanilla,8,1,134,55,5.97%,1.82%,1.36,1.71
oikos yogurt have probiotics,8,4,129,120,6.20%,3.33%,2.34,1.43
oikos triple zero where to buy,8,1,128,59,6.25%,1.69%,2.96,3.02
triple zero oikos nutrition,8,2,125,86,6.40%,2.33%,3.14,4.69
oikos 15g yogurt,8,7,122,65,6.56%,10.77%,5.95,5.86
oikos mango drink,8,1,118,57,6.78%,1.75%,1.28,1.16
oiokos,8,2,116,107,6.90%,1.87%,2.66,2.93
oijos,8,2,116,105,6.90%,1.90%,3.16,3.86
ingredients in oikos yogurt,8,8,114,79,7.02%,10.13%,2.3,2.56
oikos yogurt vanilla calories,8,4,110,76,7.27%,5.26%,1.2,2.39
oikos uk,8,2,109,59,7.34%,3.39%,7.77,5.93
okios zero,8,3,106,71,7.55%,4.23%,1.23,1.06
oikos protein ingredients,8,5,106,48,7.55%,10.42%,1.35,1.9
yogurt bundt cake,8,4,106,122,7.55%,3.28%,7,7.28
oikos vanilla greek yogurt 20g protein,8,4,95,60,8.42%,6.67%,2.19,1.93
oikos triple zero high protein,8,3,92,65,8.70%,4.62%,1.77,1.23
nutrition facts for oikos triple zero yogurt,8,7,89,70,8.99%,10%,3.8,1.77
oikos protein shake vanilla ingredients,8,4,88,78,9.09%,5.13%,1.61,1.53
oikos pro mixed berry drink,8,7,87,53,9.20%,13.21%,1.51,1.55
oikos remix s'mores,8,4,83,46,9.64%,8.70%,2,2.83
oikos yogurt shot,8,1,80,72,10%,1.39%,1.57,2.9
oikos light and fit greek yogurt,8,2,80,55,10%,3.64%,3.95,4.09
ingredients of oikos triple zero yogurt,8,2,75,66,10.67%,3.03%,1.65,1.64
oikos high protein drink,8,5,75,72,10.67%,6.94%,3.63,4.92
oikos triple zero banana creme,8,6,64,76,12.50%,7.89%,4.69,1.3
oikos powder,8,4,56,18,14.29%,22.22%,1.09,1.56
oikos banana creme,8,16,56,97,14.29%,16.49%,1.16,1.47
oikos triple zero greek yogurt flavors,8,3,54,42,14.81%,7.14%,1.04,1.24
oikos protein shake fusion,8,2,34,13,23.53%,15.38%,1.21,1
greek yogurt zero sugar,7,6,1779,1200,0.39%,0.50%,6.68,6.37
protein yogurt drinks,7,10,863,541,0.81%,1.85%,5.94,5.9
okio yogurt protein,7,2,611,161,1.15%,1.24%,4.48,3.73
calories in oikos triple zero strawberry,7,5,557,329,1.26%,1.52%,2.1,3.05
triple zero oikos calories,7,2,549,350,1.28%,0.57%,2.75,5.36
oikos vanilla protein shake nutrition facts,7,9,531,235,1.32%,3.83%,1.55,2.44
oikos triple zero 15g protein calories,7,9,486,312,1.44%,2.88%,2.76,3.12
oikos pro yogurt nutrition label,7,14,474,380,1.48%,3.68%,4.53,3.37
how many carbs in oikos triple zero,7,11,473,247,1.48%,4.45%,2.2,2.57
oikos key lime greek yogurt,7,4,457,201,1.53%,1.99%,7.21,7.59
how many calories in oikos triple zero strawberry yogurt,7,2,445,94,1.57%,2.13%,1.19,1.85
okos yogurt,7,17,427,311,1.64%,5.47%,3.34,2.28
oikos chocolate,7,1,423,210,1.65%,0.48%,5.68,4.39
oikos yogurt cup,7,4,391,291,1.79%,1.37%,3.81,5.45
high protein yogurt drinks,7,2,366,276,1.91%,0.72%,7.28,8.7
triple zero oikos vanilla,7,4,357,123,1.96%,3.25%,1.62,1.52
oikos yogurt griego,7,2,354,187,1.98%,1.07%,5.9,6.4
oikos vanilla greek yogurt nutrition label,7,5,337,184,2.08%,2.72%,6.12,6.45
oikos smoothie protein,7,7,327,292,2.14%,2.40%,3.21,2.69
oikos triple zero vs oikos pro,7,1,323,153,2.17%,0.65%,5.75,3.63
oikos yogurt greek,7,7,301,244,2.33%,2.87%,4.42,4
oikos low fat greek yogurt,7,8,283,167,2.47%,4.79%,6.1,5.22
how much sugar is in oikos triple zero yogurt,7,18,278,237,2.52%,7.59%,2.44,1.64
healthiest high protein yogurt,7,0,272,0,2.57%,0%,1.17,0
oiko protein,7,7,272,148,2.57%,4.73%,2.88,3.62
does oikos triple zero have lactose,7,9,261,185,2.68%,4.86%,5.21,3.21
oikos yogurt uk,7,2,252,174,2.78%,1.15%,7.77,7.61
oikos triple zero plain yogurt nutrition facts,7,3,241,73,2.90%,4.11%,3.76,2.12
oikos drink yogurt,7,5,230,183,3.04%,2.73%,4,3.22
protein drinks oikos,7,8,228,82,3.07%,9.76%,3.12,1.28
onkios,7,9,225,113,3.11%,7.96%,7.43,4.41
oikos yogurt sugar content,7,4,219,182,3.20%,2.20%,1.65,3.3
oikos protein shake lactose,7,6,216,104,3.24%,5.77%,1.94,4.23
oikos greek yogurt pro,7,5,215,178,3.26%,2.81%,4.05,4.43
oikos zero greek yogurt,7,9,214,157,3.27%,5.73%,4.45,4.34
strawberry oikos triple zero,7,13,212,192,3.30%,6.77%,1.23,1.14
oikos vanilla greek yogurt ingredients,7,3,211,140,3.32%,2.14%,2.27,2.67
okio triple zero,7,4,200,105,3.50%,3.81%,2,1.27
oikos 15 g protein,7,10,199,239,3.52%,4.18%,5.14,2.05
triple oikos greek yogurt,7,14,197,126,3.55%,11.11%,1.35,1.31
onkos yogurt,7,2,194,97,3.61%,2.06%,1.68,1.8
is oikos protein yogurt greek yogurt,7,2,179,83,3.91%,2.41%,1.3,1.86
oikos mango protein drink,7,3,179,131,3.91%,2.29%,4.56,3.06
oikos 0,7,8,179,188,3.91%,4.26%,4.93,5.63
oikos blended greek yogurt vanilla bean,7,6,170,131,4.12%,4.58%,7.91,7.44
oikos protein shake need to be refrigerated,7,4,168,50,4.17%,8%,1.31,2.7
oikos individual yogurt,7,4,167,134,4.19%,2.99%,3.3,3.98
do oikos protein shakes have lactose,7,4,165,59,4.24%,6.78%,1.22,1.63
okios pro drink,7,3,165,59,4.24%,5.08%,15.36,2.98
oikos glp-1,7,4,160,81,4.38%,4.94%,4.14,10.63
oriko xxx,7,0,157,5,4.46%,0%,3.44,7.6
oikos yogurt calories triple zero,7,9,156,193,4.49%,4.66%,3.92,2.9
oikos pro protein yogurt drink,7,5,138,57,5.07%,8.77%,7.3,6.47
oikos bulk,7,2,136,88,5.15%,2.27%,5.24,7.78
oikos fiber,7,2,135,55,5.19%,3.64%,1.23,1.53
oikos 23g protein yogurt drink,7,9,129,125,5.43%,7.20%,5.04,5.88
oikos yogurt where to buy,7,2,127,59,5.51%,3.39%,3.87,2.63
oikos greek yogurt 15g protein,7,9,123,97,5.69%,9.28%,1.63,1.45
how many calories are in oikos triple zero vanilla yogurt,7,1,122,61,5.74%,1.64%,1.38,1.38
oikos fusion vs oikos pro,7,7,121,112,5.79%,6.25%,1.23,1.46
derrick henry oikos,7,0,120,0,5.83%,0%,3.4,0
oikos triple zero yogurt mixed berry nutrition facts,7,1,118,49,5.93%,2.04%,1.55,1.69
where to buy oikos pro yogurt,7,5,117,92,5.98%,5.43%,3.96,8.34
oikos muscle,7,21,116,158,6.03%,13.29%,1.63,2.11
oikos yogurt label,7,1,115,102,6.09%,0.98%,2.5,3.21
oikos protein yogurt triple zero calories,7,0,114,53,6.14%,0%,2.08,1.96
okiod,7,6,112,71,6.25%,8.45%,1.19,1.28
oikos triple 0 vanilla nutrition facts,7,0,109,0,6.42%,0%,1.18,0
oikos pro 10g,7,2,109,34,6.42%,5.88%,1.63,2.29
oikos pro 25g,7,4,109,54,6.42%,7.41%,5.73,1.44
oikos peach protein yogurt drink,7,2,107,110,6.54%,1.82%,6.68,2.71
are oikos protein shakes good for weight loss,7,0,99,0,7.07%,0%,1.14,0
oikinos,7,6,99,97,7.07%,6.19%,1.67,2.08
nutrition in oikos triple zero yogurt,7,3,97,95,7.22%,3.16%,4.15,2.54
does oikos pro have live active cultures,7,1,96,31,7.29%,3.23%,1.2,2.58
oikos triple zero yogurt vanilla nutrition,7,1,96,30,7.29%,3.33%,1.36,2.1
oikos protein drinkable yogurt,7,3,94,51,7.45%,5.88%,2.52,2.88
oikos yogurt banana cream,7,7,91,58,7.69%,12.07%,2.85,4.69
is oikos yogurt good for cholesterol,7,0,90,0,7.78%,0%,3.57,0
oikos high protein shake,7,9,89,67,7.87%,13.43%,1.28,1.49
greek yogurt dutch baby,7,8,87,58,8.05%,13.79%,4.99,5.02
oikos careers,7,0,85,40,8.24%,0%,6.88,9.72
oikos triple zero deutschland,7,4,84,51,8.33%,7.84%,1.33,2.04
oikos triple 0 ingredients,7,5,84,72,8.33%,6.94%,1.48,1.69
oikos dessert yogurt,7,1,83,64,8.43%,1.56%,3.25,3.7
triple 0 oikos calories,7,2,82,31,8.54%,6.45%,1.89,1.68
oikos yogart,7,8,80,54,8.75%,14.81%,2.65,2.39
oikos shake ingredients,7,2,77,35,9.09%,5.71%,1.13,4.26
oikos yogurt 15 g protein calories,7,0,77,0,9.09%,0%,1.13,0
drinkable yogurt oikos,7,1,75,49,9.33%,2.04%,1.73,2.27
oikos 30g protein shakes,7,0,74,0,9.46%,0%,1.41,0
oikos pro 30g protein,7,0,74,39,9.46%,0%,2.2,1.79
oikos protein shake shelf stable,7,3,72,60,9.72%,5%,1.38,1.17
oikos 000 calories,7,1,71,10,9.86%,10%,1.08,1.8
triple oikos zero,7,5,70,87,10%,5.75%,1.73,2.13
oikos pro 25,7,3,67,54,10.45%,5.56%,2.42,1.91
oikos fusion mixed berry,7,6,63,51,11.11%,11.76%,2.98,1.96
does oikos triple zero have whey protein,7,3,60,36,11.67%,8.33%,1.13,1.75
vanilla oikos yogurt calories,7,2,60,54,11.67%,3.70%,1.47,2.67
oikos black,7,3,59,46,11.86%,6.52%,2.29,2.3
oikos yogurt nz,7,0,55,0,12.73%,0%,1.44,0
oikos where to buy,7,10,55,52,12.73%,19.23%,2.75,2.17
oikos 15,7,5,52,43,13.46%,11.63%,2.37,2.16
does oikos pro yogurt have live cultures,7,0,51,0,13.73%,0%,1.84,0
oikos protein remix,7,3,48,21,14.58%,14.29%,1,1
oikos triple zero calories cup,7,0,47,0,14.89%,0%,1.19,0
oikos pro strawberry banana cultured dairy drink,7,1,42,15,16.67%,6.67%,1.71,1.07
greek yogurt,6,11,5657,5028,0.11%,0.22%,19.1,16.29
pro yogurt,6,4,1957,1755,0.31%,0.23%,7.63,5.53
yogur oikos,6,4,1506,740,0.40%,0.54%,5.18,5.08
yogurt protein drinks,6,2,806,537,0.74%,0.37%,5.5,7.4
okios protein yogurt,6,6,680,438,0.88%,1.37%,3.38,3.76
oikos protein shake near me,6,7,640,280,0.94%,2.50%,4.4,4.69
high protein yogurt no sugar,6,0,613,250,0.98%,0%,6.16,8.67
okis yogurt,6,5,523,348,1.15%,1.44%,2.97,2.3
oikos greek yogurt plain,6,3,511,328,1.17%,0.91%,5.45,7.42
drinkable protein yogurt,6,2,507,447,1.18%,0.45%,6.59,8.66
oikos triple zero calories mixed berry,6,7,489,308,1.23%,2.27%,4.4,2.99
carbs in oikos triple zero yogurt,6,3,469,186,1.28%,1.61%,3.29,3.04
oikos protein shake where to buy,6,10,446,82,1.35%,12.20%,5,2.85
oikos plain,6,7,413,299,1.45%,2.34%,5.97,4.7
oikos pro greek yogurt nutrition facts,6,4,382,227,1.57%,1.76%,3.21,4.94
oikos pro plain greek yogurt,6,5,378,183,1.59%,2.73%,4.63,5.16
oikos yogurt near me,6,9,375,220,1.60%,4.09%,4.05,2.69
breakfast recipes with greek yogurt,6,2,368,373,1.63%,0.54%,10.35,6.27
how many calories are in a oikos triple zero yogurt,6,7,358,321,1.68%,2.18%,2.62,2.55
oykos yogurt protein,6,1,354,174,1.69%,0.57%,4.88,3.49
oikos blueberry,6,10,345,188,1.74%,5.32%,2.47,2.15
how many carbs are in oikos triple zero yogurt,6,2,325,103,1.85%,1.94%,2.81,3.93
protein drink oikos,6,8,309,138,1.94%,5.80%,2.61,3
oikos protein shake pack,6,1,309,20,1.94%,5%,4.89,5
oikos protien drink,6,6,293,157,2.05%,3.82%,3.92,3.96
greek yogurt without sugar or artificial sweeteners,6,0,274,220,2.19%,0%,5.08,4.67
oikos zero sugar vanilla,6,3,272,145,2.21%,2.07%,2.08,2.36
oikos fat free greek yogurt,6,8,271,191,2.21%,4.19%,5.31,3.42
oikos super bowl commercial 2026,6,0,258,0,2.33%,0%,4.04,0
oikos triple zero tub,6,5,250,159,2.40%,3.14%,3.08,3.31
oikos 23g protein yogurt nutrition facts,6,3,238,131,2.52%,2.29%,2.17,3.5
oikos 0%,6,5,235,182,2.55%,2.75%,6.81,7.15
oikos 15 gram protein calories,6,9,233,334,2.58%,2.69%,3.29,3.48
triple o yogurt,6,3,220,171,2.73%,1.75%,2.86,2.58
oikos triple zero vanilla nutrition label,6,0,217,20,2.76%,0%,4.42,2.25
oikos yogurt 15g protein,6,7,210,208,2.86%,3.37%,4.19,3.14
oikos 20g yogurt,6,2,210,153,2.86%,1.31%,4.7,4.53
oikos.triple.zero calories,6,1,206,65,2.91%,1.54%,1.82,3.49
oikos triple zero carb count,6,4,206,88,2.91%,4.55%,2.62,1.7
oikos frozen yogurt,6,5,206,140,2.91%,3.57%,6.91,5.46
how many calories in oikos triple zero strawberry,6,2,205,123,2.93%,1.63%,2.79,1.89
oaki yogurt,6,0,201,45,2.99%,0%,1.35,1.09
oikos triple zero plain yogurt,6,9,196,117,3.06%,7.69%,2.73,2.26
is oikos yogurt a probiotic,6,3,187,148,3.21%,2.03%,6.05,3.14
oiko yogurt drink,6,4,186,140,3.23%,2.86%,4.06,2.33
okios remix,6,17,178,106,3.37%,16.04%,4.24,1
oikos yogurt lactose free,6,0,178,20,3.37%,0%,5.49,33.05
oikos triple zero blueberry yogurt nutrition facts,6,1,176,65,3.41%,1.54%,2.74,2.26
oikos pro yogurt costco,6,4,170,124,3.53%,3.23%,6.71,7.65
oikos triple zero berry calories,6,8,167,104,3.59%,7.69%,2.79,3.12
triple zero greek yogurt vanilla,6,2,161,45,3.73%,4.44%,1.59,1.11
oikos greek yogurt banana,6,2,155,104,3.87%,1.92%,5.2,7.54
okios protien,6,8,147,96,4.08%,8.33%,1.95,1.68
oikos banana greek yogurt,6,3,146,110,4.11%,2.73%,4.86,5.76
okeos,6,5,142,182,4.23%,2.75%,4.05,3.8
oikos strawberry yogurt nutrition info,6,3,136,80,4.41%,3.75%,3.27,4.99
oikos vanilla greek yogurt protein,6,0,136,83,4.41%,0%,3.51,7.23
oikos triple zero yogurt drink,6,5,133,80,4.51%,6.25%,6.29,2.79
calories in oikos,6,3,130,95,4.62%,3.16%,3.78,4.29
oikos mixed berry drink,6,6,129,98,4.65%,6.12%,1.11,2.59
oikos triple zero calcium content,6,1,127,121,4.72%,0.83%,1.59,6.6
oikios triple zero,6,11,127,71,4.72%,15.49%,4.69,4.23
oikos pro 23 grams protein,6,3,125,95,4.80%,3.16%,5.41,2.17
oikos protein shake nutrition facts chocolate,6,0,124,19,4.84%,0%,1.35,1.79
oikos vanilla 20g protein,6,1,119,39,5.04%,2.56%,4.45,1.95
does oikos triple zero greek yogurt have probiotics,6,2,117,67,5.13%,2.99%,3.62,2.69
how many calories does the oikos triple zero yogurt have,6,5,111,67,5.41%,7.46%,1.2,1.78
oikos whole milk yogurt,6,2,111,93,5.41%,2.15%,4.28,5.09
protein in oikos yogurt,6,1,110,42,5.45%,2.38%,2.18,3.29
oikos protein shake benefits,6,1,110,69,5.45%,1.45%,2.93,5.38
oikos nonfat yogurt,6,1,108,75,5.56%,1.33%,4.41,5.31
oikos pro yogurt cups,6,9,107,73,5.61%,12.33%,2.96,1.64
oikospro,6,9,106,97,5.66%,9.28%,2.58,2.45
oikos protein shake canada,6,4,104,76,5.77%,5.26%,6.18,6.66
oikos triple zero nutrition strawberry,6,5,103,133,5.83%,3.76%,4.3,4.97
oikos yogurt mix ins,6,9,102,75,5.88%,12%,4.88,1.67
oikos yogurt is it greek,6,0,98,59,6.12%,0%,1.53,2.46
oikos sugar free greek yogurt,6,3,97,43,6.19%,6.98%,1.59,2.63
oikosyogurt,5,19,115,71,4.35%,26.76%,2.94,1.94
oikos triple protein yogurt,4,17,128,68,3.12%,25%,1.95,1.34
greek yogurt dessert recipes,4,16,638,1204,0.63%,1.33%,14.33,10.31
zero yogurt,5,14,2619,2057,0.19%,0.68%,3.64,3.69
oilos pro,5,14,265,175,1.89%,8%,4.12,1.82
okios triple zero yogurt,5,14,172,122,2.91%,11.48%,4.66,2.2
oikos tripe zero,4,14,116,69,3.45%,20.29%,1.34,1.23
greek yogurt breakfast recipes,4,13,627,1001,0.64%,1.30%,13.83,8.6
greek yogurt recipes savory,4,13,298,465,1.34%,2.80%,9,6.24
okios yougurt,1,12,370,249,0.27%,4.82%,2.9,1.78
oink yogurt,3,12,226,176,1.33%,6.82%,1.41,1.23
yogurt oikos pro,5,11,824,344,0.61%,3.20%,3.2,4.77
oikas yogurt,2,11,279,202,0.72%,5.45%,2.95,2.15
what is in oikos triple zero,1,11,132,75,0.76%,14.67%,2.54,1.64
orkin yogurt,2,11,109,66,1.83%,16.67%,2.2,3.39
greek yogurt recipes breakfast,4,10,864,588,0.46%,1.70%,10,8.47
okio protein yogurt,4,10,805,425,0.50%,2.35%,3.41,2.61
oikos high protein yogurt drink,3,10,277,305,1.08%,3.28%,9.26,9
oikos.yogurt,3,10,276,279,1.09%,3.58%,3.1,2.35
orkos greek yogurt,4,10,449,230,0.89%,4.35%,2.8,2.66
oinkos yogurt,1,10,265,211,0.38%,4.74%,2.62,1.89
high protein yogurt oikos,4,10,145,130,2.76%,7.69%,4.56,2.84
oikos protein yogurt remix,5,10,110,105,4.55%,9.52%,3.87,2.02
pikos triple zero,2,10,80,96,2.50%,10.42%,1.39,2.51
oikos pro nutrition,4,9,463,655,0.86%,1.37%,3.83,4.85
zero calorie yogurt,2,9,785,482,0.25%,1.87%,3.22,4.59
okois yogurt,1,9,207,138,0.48%,6.52%,2.79,2.25
oikos triple zero live cultures,2,9,145,121,1.38%,7.44%,5.93,5.51
oikos drinkable yogurt costco,4,9,148,121,2.70%,7.44%,7.93,10.75
oikos ypgurt,2,9,143,107,1.40%,8.41%,3.8,2.21
oikos greek yougurt,2,9,168,106,1.19%,8.49%,7.23,3.16
okios tripple zero,2,9,123,82,1.63%,10.98%,2.91,4.91
oikos protein shake ingredients list,2,9,159,69,1.26%,13.04%,1.23,1.8
protein drink,3,8,1236,1407,0.24%,0.57%,13.2,12.96
oikos yogurt carbs,4,8,347,271,1.15%,2.95%,3.07,2.7
oikos.protein yogurt,4,8,417,265,0.96%,3.02%,3.34,3.57
oikos triple zero drinkable yogurt,4,8,140,109,2.86%,7.34%,3.61,3.12
oiknos,3,8,131,94,2.29%,8.51%,2.61,3.15
oikos yogurt with mix ins,4,8,144,84,2.78%,9.52%,1.16,1.1
oikos lemon tart,6,8,80,59,7.50%,13.56%,2.01,2.81
banana cream oikos,4,8,91,59,4.40%,13.56%,1.26,3.25
how many carbs in triple zero yogurt,5,8,73,54,6.85%,14.81%,1.26,1.54
oikos cookie dough,0,8,0,44,0%,18.18%,0,2.68
oikos triple o,0,8,19,37,0%,21.62%,1.21,1.14
oikos triple zero yoghurt,6,8,52,25,11.54%,32%,2.33,1.12
protein shake,2,7,647,1446,0.31%,0.48%,16.81,12.63
oikos protien yogurt,2,7,394,265,0.51%,2.64%,2.63,4.04
oikos pro yogurt nutrition facts,5,7,680,238,0.74%,2.94%,1.99,2.96
greek yogurt oikos protein,5,7,275,229,1.82%,3.06%,4.37,5.83
how many calories in oikos triple zero mixed berry,3,7,241,208,1.24%,3.37%,3.65,2.24
okios protein drink,3,7,327,202,0.92%,3.47%,3.72,2.69
oikis yogurt,1,7,271,193,0.37%,3.63%,3,2.13
oika yogurt,2,7,273,186,0.73%,3.76%,2.82,1.99
oikos triple zero mixed berry nutrition facts,3,7,261,178,1.15%,3.93%,4.94,3
oikos togurt,3,7,215,169,1.40%,4.14%,2.83,2.3
okios protien shake,3,7,308,169,0.97%,4.14%,3.79,3.84
how many calories in an oikos triple zero,0,7,66,162,0%,4.32%,4.65,4.38
how many carbs are in oikos triple zero,1,7,75,135,1.33%,5.19%,3.07,3.64
oikos triple zero blueberry nutrition facts,4,7,147,134,2.72%,5.22%,4.65,2.3
oikos triple zero yogurt probiotics,4,7,139,116,2.88%,6.03%,2.17,5.45
oikos mixed berry triple zero nutrition,3,7,52,113,5.77%,6.19%,6.12,3.6
okio yogurt calories,4,7,121,112,3.31%,6.25%,6.56,4.31
oikos salted caramel protein shake nutrition facts,4,7,199,99,2.01%,7.07%,1.81,1.66
triple 0 oikos yogurt,5,7,184,90,2.72%,7.78%,1.2,1.6
oikos pro drinkable,4,7,103,89,3.88%,7.87%,5.25,5.35
oikos pro drink pack,4,7,123,85,3.25%,8.24%,9.28,7.82
ouikos,2,7,104,82,1.92%,8.54%,2.73,3.82
greek yogurt with mix ins,3,7,77,77,3.90%,9.09%,4.09,4.82
zero sugar yogurt oikos,3,7,103,69,2.91%,10.14%,2.71,1.81
does oikos zero yogurt have probiotics,1,7,42,63,2.38%,11.11%,5.07,1.98
oikos triple zero cup,4,7,148,57,2.70%,12.28%,1.44,1.42
oikos tripple 0,5,7,83,51,6.02%,13.73%,1.36,1.37
oikos yogurt singapore,6,7,58,49,10.34%,14.29%,3.34,2.61
oikos nutrition sponsorship program,1,7,9,45,11.11%,15.56%,16.22,3.6
how much sugar is in oikos yogurt,3,7,69,40,4.35%,17.50%,1.67,2.05
oikis triple zero,2,7,127,39,1.57%,17.95%,1.98,1.1
net carbs in oikos triple zero yogurt,0,7,51,39,0%,17.95%,1.8,1.62
oikos triple zero ingredients strawberry,5,7,47,39,10.64%,17.95%,5.68,1.72
oikos pro.,1,7,14,34,7.14%,20.59%,1.86,2.97
oikos pro yogurt bulk,5,7,48,32,10.42%,21.88%,2.62,3.31
oikos rtd,4,7,29,28,13.79%,25%,1,1.57
30g protein shake,3,6,2047,2192,0.15%,0.27%,10.12,11.51
greek yogurt recipes dessert,1,6,349,753,0.29%,0.80%,14.52,7.18
oikos aircross,0,6,0,462,0%,1.30%,0,3.31
greek yoghurt recipes,1,6,220,421,0.45%,1.43%,11.85,10.7
yogurt breakfast ideas,1,6,253,254,0.40%,2.36%,14.53,12.55
is oikos greek yogurt pasteurized,2,6,256,246,0.78%,2.44%,3.68,3.95
protein in oikos triple zero,2,6,203,200,0.99%,3%,6.69,2.26
is oikos pro lactose free,5,6,294,199,1.70%,3.02%,4.11,1.74
okios pro yogurt,3,6,263,199,1.14%,3.02%,4.58,2.25
ooikos,4,6,223,153,1.79%,3.92%,2.86,3.12
oikos triple zero peach calories,4,6,213,153,1.88%,3.92%,4.23,3.21
oikos protein vanilla,4,6,243,145,1.65%,4.14%,5.05,3.19
oisko,5,6,189,145,2.65%,4.14%,2.75,3.42
carbs in oikos triple zero mixed berry,1,6,85,135,1.18%,4.44%,4.92,3.3
is oikos probiotic,3,6,158,127,1.90%,4.72%,5.25,1.72
oikos triple zero yogurt carbs,3,6,182,116,1.65%,5.17%,2.76,2.14
oikos peo,2,6,155,115,1.29%,5.22%,3.66,3.1
oikos vanilla pro,5,6,166,112,3.01%,5.36%,3.04,2.21
oikos natural greek yogurt,5,6,83,111,6.02%,5.41%,4.57,6.02
oikos greek yogurt no sugar,4,6,131,109,3.05%,5.50%,4.26,5.99
zero oikos yogurt,3,6,143,107,2.10%,5.61%,2.91,3.5
oikos triple zero 20g,1,6,122,106,0.82%,5.66%,5.02,2.75
oikos sugar content,1,6,139,98,0.72%,6.12%,2.81,2.3
does oikos pro have live cultures,5,6,88,95,5.68%,6.32%,1.19,1.38
oikos non dairy yogurt,2,6,103,94,1.94%,6.38%,7.63,5.98
triple zero vanilla,3,6,112,90,2.68%,6.67%,2.12,1.46
oikos pro strawberry yogurt nutrition facts,2,6,223,90,0.90%,6.67%,2.85,2.28
how many calories in oikos,4,6,167,87,2.40%,6.90%,4.19,4.6
zero zero zero yogurt,2,6,140,86,1.43%,6.98%,6.19,4.34
oikos drink protein,4,6,138,73,2.90%,8.22%,5.25,2.15
triple protein yogurt,2,6,101,69,1.98%,8.70%,3.36,5.8
oikis pro,3,6,106,63,2.83%,9.52%,2.92,2.32
does oikos triple zero have carbs,3,6,100,62,3%,9.68%,1.72,1.53
oikos yogurt coupons,6,6,49,61,12.24%,9.84%,3.12,1.77
oikos no sugar,1,6,73,61,1.37%,9.84%,2.16,3.02
oikos trippe zero,4,6,71,60,5.63%,10%,1.25,1.22
does oikos protein shake have caffeine,4,6,123,60,3.25%,10%,6.13,1.9
oikos 20 g protein,2,6,187,60,1.07%,10%,3.11,6.05
oikos peach drink,6,6,91,55,6.59%,10.91%,5.04,2.85
okioks,2,6,64,54,3.12%,11.11%,1,1.06
yogurt with black label,3,6,78,54,3.85%,11.11%,1.19,2
does oikos have fiber,3,6,71,53,4.23%,11.32%,2.04,1.66
oikos fusions,5,6,45,53,11.11%,11.32%,1.49,2.02
oikoa pro,1,6,60,53,1.67%,11.32%,2.4,2.23
oikos pro where to buy,2,6,53,53,3.77%,11.32%,4.26,2.98
cranberry banana bread with yogurt,0,6,0,51,0%,11.76%,0,2.18
oikos yogurt flip cup,3,6,66,49,4.55%,12.24%,1.21,1.69
oikos pro yogurts,3,6,69,47,4.35%,12.77%,4.51,2.23
oikos yogut,1,6,52,46,1.92%,13.04%,3.02,2.98
iogurte oikos triple zero,0,6,0,45,0%,13.33%,0,1.27
oikos 10g,3,6,48,43,6.25%,13.95%,1.27,1.7
oikos nonfat greek yogurt nutrition,5,6,57,42,8.77%,14.29%,7.28,1.67
oikos truple zero,6,6,67,40,8.96%,15%,1.27,1.2
triple zero okios,0,6,14,35,0%,17.14%,1.07,1.03
oikos 30g shake,2,6,42,29,4.76%,20.69%,1.62,1.31
oikos triple zero ingredients mixed berry,0,6,0,28,0%,21.43%,0,1.54
yogurt without sugar or artificial sweeteners,4,5,911,1058,0.44%,0.47%,8.78,9.08
oikos pro vs triple zero,4,5,1103,589,0.36%,0.85%,5.23,5
tripple zero,1,5,366,419,0.27%,1.19%,8.56,8.3
greek yogurt 20g protein,2,5,548,395,0.36%,1.27%,8.84,8.5
oikos triple zero greek yogurt nutrition,2,5,190,365,1.05%,1.37%,4.09,3.28
oilos yogurt,5,5,362,248,1.38%,2.02%,2.96,2.3
does oikos have xylitol,4,5,321,230,1.25%,2.17%,2.73,2.71
oikos greek yogurt high protein,3,5,228,224,1.32%,2.23%,7.61,5.92
oikos 20g,2,5,310,220,0.65%,2.27%,4.56,3.25
breakfast ideas with greek yogurt,2,5,228,218,0.88%,2.29%,9.85,7.42
oikos single serve yogurt,5,5,252,204,1.98%,2.45%,5.1,4.17
oko yogurt,1,5,155,175,0.65%,2.86%,2.48,1.26
okios vanilla yogurt,4,5,275,165,1.45%,3.03%,3.07,2.92
oikes yogurt,2,5,208,164,0.96%,3.05%,2.78,1.91
where to buy oikos protein drink,1,5,188,150,0.53%,3.33%,4.89,5.01
oikos 25g protein,3,5,130,131,2.31%,3.82%,4.94,2.73
oikos yogurt japan,5,5,145,129,3.45%,3.88%,6.63,6.62
oikos pro lactose free,4,5,117,126,3.42%,3.97%,1.12,4.12
oikos flavours,1,5,195,123,0.51%,4.07%,2.43,4.16
oinos greek yogurt,1,5,108,122,0.93%,4.10%,1.11,2.03
triple zero yogurt nutrition label,4,5,90,122,4.44%,4.10%,7.94,6.89
oikos protein yogurt peach,3,5,145,114,2.07%,4.39%,3.42,2.79
oikos peach yogurt calories,3,5,173,111,1.73%,4.50%,3.22,1.58
is oikos,3,5,146,109,2.05%,4.59%,1.29,1.28
pikos yogurt,1,5,183,107,0.55%,4.67%,3.1,2.47
how many calories are in oikos yogurt,3,5,113,106,2.65%,4.72%,4.73,3.13
what are the ingredients in oikos triple zero yogurt,5,5,122,106,4.10%,4.72%,6.02,4.16
oikios pro,5,5,159,103,3.14%,4.85%,4.09,4.86
vanilla triple zero yogurt,2,5,76,102,2.63%,4.90%,4.84,2.05
dannon high protein yogurt,3,5,112,100,2.68%,5%,4.51,2.72
oikos protein shake coupon,5,5,78,98,6.41%,5.10%,5.6,5.24
oikos yogurt.,0,5,108,95,0%,5.26%,2.99,2.16
oikos protein yogurt 15g,3,5,238,91,1.26%,5.49%,4.36,3
danone triple zero,1,5,269,89,0.37%,5.62%,4.62,8.52
oikos yogurt bulk,5,5,118,83,4.24%,6.02%,5.86,3.25
oinko yogurt,0,5,124,81,0%,6.17%,4.22,1.68
triple 0 yogurt calories,3,5,123,81,2.44%,6.17%,3.11,4.42
how many calories are oikos triple zero,2,5,92,79,2.17%,6.33%,2.75,4.48
oiko yogurt protein,3,5,122,78,2.46%,6.41%,3.24,2.97
000 greek yogurt,5,5,110,76,4.55%,6.58%,2.5,2.61
oikos triple zero yogurt sugar content,3,5,95,74,3.16%,6.76%,2.01,1.54
oikos protein greek yogurt ingredients,1,5,16,73,6.25%,6.85%,2.31,2.62
is oikos triple zero yogurt pasteurized,0,5,76,73,0%,6.85%,1.91,4.03
okios protein drinks,3,5,104,71,2.88%,7.04%,2.6,2.1
oikos big tub,4,5,117,70,3.42%,7.14%,2.25,1.67
oikos protein yogurt drink costco,2,5,107,68,1.87%,7.35%,9.3,9.25
greek yogurt bundt cake,5,5,86,67,5.81%,7.46%,6.59,7.18
how much potassium in oikos triple zero,3,5,100,66,3%,7.58%,2.47,5.3
oikos yogurt shakes,2,5,126,64,1.59%,7.81%,1.76,1.12
olkos yogurt,2,5,62,64,3.23%,7.81%,3.27,2.86
oikos yogurt triple zero nutrition label,5,5,133,55,3.76%,9.09%,8.71,9.38
orkios,1,5,59,53,1.69%,9.43%,2.46,1.28
oikos protein chocolate shake,2,5,148,51,1.35%,9.80%,2.28,1.43
oikos triple zero mixed berry greek yogurt,4,5,81,51,4.94%,9.80%,1.93,1.98
oikos pumpkin yogurt,0,5,0,51,0%,9.80%,0,3.33
oikos protein triple zero,3,5,63,50,4.76%,10%,1.16,1.14
okios greek yougurt,2,5,51,46,3.92%,10.87%,3.49,2.72
oikos triple zero yogurt protein,2,5,77,44,2.60%,11.36%,1.27,1.3
oikos yogurt 20g protein nutrition facts,5,5,67,44,7.46%,11.36%,1.3,2.91
"oikos pro strawberry banana cultured dairy drink, 23g protein, 7 fl oz 
bottle",1,5,2,33,50%,15.15%,1.5,1.33
oikos mixed berry ingredients,0,5,0,29,0%,17.24%,0,1.69
oikos triple zero whole foods,0,5,0,27,0%,18.52%,0,2.48
oikos pro yougurt,0,5,48,25,0%,20%,2.62,1.96
oikos fusion ingredients,1,5,11,23,9.09%,21.74%,7.27,5.57
oikos protein ahake,0,5,0,22,0%,22.73%,0,1.86
oikos triple zero yogurts,3,5,52,19,5.77%,26.32%,1.94,1.26
yogurt,1,4,2523,6261,0.04%,0.06%,29.47,18.32
0 greek yogurt,4,4,2339,1475,0.17%,0.27%,6.16,8.91
savory greek yogurt recipes,2,4,217,774,0.92%,0.52%,11.78,5.87
greek yogurt recipes,1,4,501,663,0.20%,0.60%,25.8,33.47
greek yogurt breakfast ideas,4,4,344,460,1.16%,0.87%,11.48,8.5
30 g protein shakes,0,4,304,356,0%,1.12%,11.43,10.12
oikos triple zero peach nutrition,4,4,358,234,1.12%,1.71%,2.76,2.61
vanilla greek yogurt oikos,5,4,381,233,1.31%,1.72%,4.13,3.63
oikos yogurt tub,4,4,323,232,1.24%,1.72%,5.47,3.88
oikos chocolate yogurt,5,4,387,231,1.29%,1.73%,7.19,7.05
is oikos triple zero yogurt lactose free,2,4,275,227,0.73%,1.76%,7.75,2.57
oiko triple zero calories,1,4,261,213,0.38%,1.88%,4.23,3.22
oikos vanilla yogurt nutrition,2,4,102,201,1.96%,1.99%,3.49,2.64
okino yogurt,4,4,115,189,3.48%,2.12%,1.13,1.04
oikos yogurt peach,2,4,371,179,0.54%,2.23%,2.65,2.59
calories in oikos triple zero mixed berry,1,4,387,170,0.26%,2.35%,2.26,2.34
oaks yogurt,3,4,271,169,1.11%,2.37%,2.83,1.69
is oikos yogurt greek,3,4,212,165,1.42%,2.42%,3.88,2.33
oikos 23g,4,4,177,151,2.26%,2.65%,8.57,3.87
triple.zero yogurt,5,4,188,148,2.66%,2.70%,4.82,3.23
oikos drinkable,3,4,193,145,1.55%,2.76%,2.59,3.17
oikos zero calories,5,4,210,138,2.38%,2.90%,2.72,3.64
nutrition facts oikos triple zero,4,4,100,135,4%,2.96%,2.87,4.18
oikos triple zero cherry yogurt nutrition facts,5,4,309,130,1.62%,3.08%,3.06,2.15
savory recipes with greek yogurt,2,4,79,130,2.53%,3.08%,5.71,4.52
oikos pro fuel,4,4,133,126,3.01%,3.17%,6.14,3.49
greek yogurt without artificial sweeteners,2,4,165,115,1.21%,3.48%,4.58,3.04
how much calories in oikos triple zero,3,4,117,114,2.56%,3.51%,8.63,3.52
oakis yogurt,1,4,125,112,0.80%,3.57%,2.87,2.21
oikos zero nutrition,3,4,120,112,2.50%,3.57%,8.89,4.17
oîkos yogurt,2,4,111,110,1.80%,3.64%,2.31,2.39
high protein oikos yogurt,1,4,128,108,0.78%,3.70%,4.77,5.24
oikos triple zero nutritional information,1,4,631,108,0.16%,3.70%,2.44,5.35
oilos protein shake,5,4,208,107,2.40%,3.74%,2.32,4.54
oikos no sugar added,1,4,112,107,0.89%,3.74%,8.81,8.11
oikos smoothie drink,3,4,349,106,0.86%,3.77%,6.03,2.91
oikos triple cero,4,4,252,102,1.59%,3.92%,3.33,2.89
pro greek yogurt,2,4,175,101,1.14%,3.96%,4.67,4.55
oikos yogurt drink nutrition,3,4,84,101,3.57%,3.96%,2.3,6.29
tripple zero yogurt,1,4,137,97,0.73%,4.12%,3.93,3.9
carbs in oikos triple zero strawberry,3,4,106,97,2.83%,4.12%,4.22,4.86
oikos pro yogurt macros,3,4,109,96,2.75%,4.17%,1.5,1.69
oikos zero vanilla,4,4,250,94,1.60%,4.26%,1.06,1.3
oikos 10g protein yogurt,3,4,125,94,2.40%,4.26%,6.78,3.84
oikos yogur,2,4,133,90,1.50%,4.44%,3.52,3.49
オイコス アメリカ,2,4,69,88,2.90%,4.55%,1.67,3.41
calories in oikos greek yogurt,3,4,211,86,1.42%,4.65%,6.21,2.31
oikos yogury,3,4,139,83,2.16%,4.82%,2.68,2.35