Search keyword report,,,,,,,,,,,,,,,,,,,,
"October 1, 2025 - March 31, 2026",,,,,,,,,,,,,,,,,,,,
Keyword status,Keyword,Campaign,Quality Score,Landing page exp.,Ad relevance,Exp. CTR,,,,,,,,,,,,,,
Search keyword report,,,,,,,Search keyword report,,,,,,,Search keyword report,,,,,,
Enabled,[chobani complete peach],USA_EDP_OIKOS_BAUPPC2026_Consid_CPC_All_BlackConquestingGoogleEXT_YES, --, --, --, --,Enabled,[chobani complete peach],USA_EDP_OIKOS_BAUPPC2026_Consid_CPC_All_BlackConquestingGoogleEXT_YES, --, --, --, --,Enabled,[chobani complete peach],USA_EDP_OIKOS_BAUPPC2026_Consid_CPC_All_BlackConquestingGoogleEXT_YES, --, --, --, --
Enabled,[chobani banana cream],USA_EDP_OIKOS_BAUPPC2026_Consid_CPC_All_BlackConquestingGoogleEXT_YES, --, --, --, --,Enabled,[chobani banana cream],USA_EDP_OIKOS_BAUPPC2026_Consid_CPC_All_BlackConquestingGoogleEXT_YES, --, --, --, --,Enabled,[chobani banana cream],USA_EDP_OIKOS_BAUPPC2026_Consid_CPC_All_BlackConquestingGoogleEXT_YES, --, --, --, --
Enabled,[chobani 25g protein],USA_EDP_OIKOS_BAUPPC2026_Consid_CPC_All_BlackConquestingGoogleEXT_YES,2,Below average,Average,Below average,Enabled,[chobani 25g protein],USA_EDP_OIKOS_BAUPPC2026_Consid_CPC_All_BlackConquestingGoogleEXT_YES,2,Below average,Average,Below average,Enabled,[chobani 25g protein],USA_EDP_OIKOS_BAUPPC2026_Consid_CPC_All_BlackConquestingGoogleEXT_YES,2,Below average,Average,Below average
Enabled,[chobani mixed berry vanilla],USA_EDP_OIKOS_BAUPPC2026_Consid_CPC_All_BlackConquestingGoogleEXT_YES,1,Below average,Below average,Below average,Enabled,[chobani mixed berry vanilla],USA_EDP_OIKOS_BAUPPC2026_Consid_CPC_All_BlackConquestingGoogleEXT_YES,1,Below average,Below average,Below average,Enabled,[chobani mixed berry vanilla],USA_EDP_OIKOS_BAUPPC2026_Consid_CPC_All_BlackConquestingGoogleEXT_YES,1,Below average,Below average,Below average
Enabled,[chobani complete mixed berry],USA_EDP_OIKOS_BAUPPC2026_Consid_CPC_All_BlackConquestingGoogleEXT_YES,1,Below average,Below average,Below average,Enabled,[chobani complete mixed berry],USA_EDP_OIKOS_BAUPPC2026_Consid_CPC_All_BlackConquestingGoogleEXT_YES,1,Below average,Below average,Below average,Enabled,[chobani complete mixed berry],USA_EDP_OIKOS_BAUPPC2026_Consid_CPC_All_BlackConquestingGoogleEXT_YES,1,Below average,Below average,Below average
Enabled,[chobani complete shake],USA_EDP_OIKOS_BAUPPC2026_Consid_CPC_All_BlackConquestingGoogleEXT_YES,1,Below average,Below average,Below average,Enabled,[chobani complete shake],USA_EDP_OIKOS_BAUPPC2026_Consid_CPC_All_BlackConquestingGoogleEXT_YES,1,Below average,Below average,Below average,Enabled,[chobani complete shake],USA_EDP_OIKOS_BAUPPC2026_Consid_CPC_All_BlackConquestingGoogleEXT_YES,1,Below average,Below average,Below average
Enabled,[chobani complete yogurt],USA_EDP_OIKOS_BAUPPC2026_Consid_CPC_All_BlackConquestingGoogleEXT_YES,1,Below average,Below average,Below average,Enabled,[chobani complete yogurt],USA_EDP_OIKOS_BAUPPC2026_Consid_CPC_All_BlackConquestingGoogleEXT_YES,1,Below average,Below average,Below average,Enabled,[chobani complete yogurt],USA_EDP_OIKOS_BAUPPC2026_Consid_CPC_All_BlackConquestingGoogleEXT_YES,1,Below average,Below average,Below average
Enabled,[chobani vanilla],USA_EDP_OIKOS_BAUPPC2026_Consid_CPC_All_BlackConquestingGoogleEXT_YES,1,Below average,Below average,Below average,Enabled,[chobani vanilla],USA_EDP_OIKOS_BAUPPC2026_Consid_CPC_All_BlackConquestingGoogleEXT_YES,1,Below average,Below average,Below average,Enabled,[chobani vanilla],USA_EDP_OIKOS_BAUPPC2026_Consid_CPC_All_BlackConquestingGoogleEXT_YES,1,Below average,Below average,Below average
Enabled,[chobani mixed berry],USA_EDP_OIKOS_BAUPPC2026_Consid_CPC_All_BlackConquestingGoogleEXT_YES,1,Below average,Below average,Below average,Enabled,[chobani mixed berry],USA_EDP_OIKOS_BAUPPC2026_Consid_CPC_All_BlackConquestingGoogleEXT_YES,1,Below average,Below average,Below average,Enabled,[chobani mixed berry],USA_EDP_OIKOS_BAUPPC2026_Consid_CPC_All_BlackConquestingGoogleEXT_YES,1,Below average,Below average,Below average
Enabled,[chobani complete nutrition],USA_EDP_OIKOS_BAUPPC2026_Consid_CPC_All_BlackConquestingGoogleEXT_YES,1,Below average,Below average,Below average,Enabled,[chobani complete nutrition],USA_EDP_OIKOS_BAUPPC2026_Consid_CPC_All_BlackConquestingGoogleEXT_YES,1,Below average,Below average,Below average,Enabled,[chobani complete nutrition],USA_EDP_OIKOS_BAUPPC2026_Consid_CPC_All_BlackConquestingGoogleEXT_YES,1,Below average,Below average,Below average
Enabled,[chobani strawberry],USA_EDP_OIKOS_BAUPPC2026_Consid_CPC_All_BlackConquestingGoogleEXT_YES,1,Below average,Below average,Below average,Enabled,[chobani strawberry],USA_EDP_OIKOS_BAUPPC2026_Consid_CPC_All_BlackConquestingGoogleEXT_YES,1,Below average,Below average,Below average,Enabled,[chobani strawberry],USA_EDP_OIKOS_BAUPPC2026_Consid_CPC_All_BlackConquestingGoogleEXT_YES,1,Below average,Below average,Below average
Enabled,[chobani key lime],USA_EDP_OIKOS_BAUPPC2026_Consid_CPC_All_BlackConquestingGoogleEXT_YES,1,Below average,Below average,Below average,Enabled,[chobani key lime],USA_EDP_OIKOS_BAUPPC2026_Consid_CPC_All_BlackConquestingGoogleEXT_YES,1,Below average,Below average,Below average,Enabled,[chobani key lime],USA_EDP_OIKOS_BAUPPC2026_Consid_CPC_All_BlackConquestingGoogleEXT_YES,1,Below average,Below average,Below average
Enabled,[chobani complete nutrition facts],USA_EDP_OIKOS_BAUPPC2026_Consid_CPC_All_BlackConquestingGoogleEXT_YES,1,Below average,Below average,Below average,Enabled,[chobani complete nutrition facts],USA_EDP_OIKOS_BAUPPC2026_Consid_CPC_All_BlackConquestingGoogleEXT_YES,1,Below average,Below average,Below average,Enabled,[chobani complete nutrition facts],USA_EDP_OIKOS_BAUPPC2026_Consid_CPC_All_BlackConquestingGoogleEXT_YES,1,Below average,Below average,Below average
Enabled,[chobani complete strawberry],USA_EDP_OIKOS_BAUPPC2026_Consid_CPC_All_BlackConquestingGoogleEXT_YES, --, --, --, --,Enabled,[chobani complete strawberry],USA_EDP_OIKOS_BAUPPC2026_Consid_CPC_All_BlackConquestingGoogleEXT_YES, --, --, --, --,Enabled,[chobani complete strawberry],USA_EDP_OIKOS_BAUPPC2026_Consid_CPC_All_BlackConquestingGoogleEXT_YES, --, --, --, --
Enabled,[chobani blueberry],USA_EDP_OIKOS_BAUPPC2026_Consid_CPC_All_BlackConquestingGoogleEXT_YES,1,Below average,Below average,Below average,Enabled,[chobani blueberry],USA_EDP_OIKOS_BAUPPC2026_Consid_CPC_All_BlackConquestingGoogleEXT_YES,1,Below average,Below average,Below average,Enabled,[chobani blueberry],USA_EDP_OIKOS_BAUPPC2026_Consid_CPC_All_BlackConquestingGoogleEXT_YES,1,Below average,Below average,Below average
Enabled,[chobani complete protein drink],USA_EDP_OIKOS_BAUPPC2026_Consid_CPC_All_BlackConquestingGoogleEXT_YES,1,Below average,Below average,Below average,Enabled,[chobani complete protein drink],USA_EDP_OIKOS_BAUPPC2026_Consid_CPC_All_BlackConquestingGoogleEXT_YES,1,Below average,Below average,Below average,Enabled,[chobani complete protein drink],USA_EDP_OIKOS_BAUPPC2026_Consid_CPC_All_BlackConquestingGoogleEXT_YES,1,Below average,Below average,Below average
Enabled,[chobani complete greek yogurt],USA_EDP_OIKOS_BAUPPC2026_Consid_CPC_All_BlackConquestingGoogleEXT_YES,1,Below average,Below average,Below average,Enabled,[chobani complete greek yogurt],USA_EDP_OIKOS_BAUPPC2026_Consid_CPC_All_BlackConquestingGoogleEXT_YES,1,Below average,Below average,Below average,Enabled,[chobani complete greek yogurt],USA_EDP_OIKOS_BAUPPC2026_Consid_CPC_All_BlackConquestingGoogleEXT_YES,1,Below average,Below average,Below average
Enabled,[chobani complete key lime],USA_EDP_OIKOS_BAUPPC2026_Consid_CPC_All_BlackConquestingGoogleEXT_YES, --, --, --, --,Enabled,[chobani complete key lime],USA_EDP_OIKOS_BAUPPC2026_Consid_CPC_All_BlackConquestingGoogleEXT_YES, --, --, --, --,Enabled,[chobani complete key lime],USA_EDP_OIKOS_BAUPPC2026_Consid_CPC_All_BlackConquestingGoogleEXT_YES, --, --, --, --
Enabled,[chobani complete yogurt drink],USA_EDP_OIKOS_BAUPPC2026_Consid_CPC_All_BlackConquestingGoogleEXT_YES,1,Below average,Below average,Below average,Enabled,[chobani complete yogurt drink],USA_EDP_OIKOS_BAUPPC2026_Consid_CPC_All_BlackConquestingGoogleEXT_YES,1,Below average,Below average,Below average,Enabled,[chobani complete yogurt drink],USA_EDP_OIKOS_BAUPPC2026_Consid_CPC_All_BlackConquestingGoogleEXT_YES,1,Below average,Below average,Below average
Enabled,[chobani complete blueberry],USA_EDP_OIKOS_BAUPPC2026_Consid_CPC_All_BlackConquestingGoogleEXT_YES, --, --, --, --,Enabled,[chobani complete blueberry],USA_EDP_OIKOS_BAUPPC2026_Consid_CPC_All_BlackConquestingGoogleEXT_YES, --, --, --, --,Enabled,[chobani complete blueberry],USA_EDP_OIKOS_BAUPPC2026_Consid_CPC_All_BlackConquestingGoogleEXT_YES, --, --, --, --
Enabled,[chobani yogurt complete],USA_EDP_OIKOS_BAUPPC2026_Consid_CPC_All_BlackConquestingGoogleEXT_YES, --, --, --, --,Enabled,[chobani yogurt complete],USA_EDP_OIKOS_BAUPPC2026_Consid_CPC_All_BlackConquestingGoogleEXT_YES, --, --, --, --,Enabled,[chobani yogurt complete],USA_EDP_OIKOS_BAUPPC2026_Consid_CPC_All_BlackConquestingGoogleEXT_YES, --, --, --, --
Enabled,[chobani complete drinkable yogurt],USA_EDP_OIKOS_BAUPPC2026_Consid_CPC_All_BlackConquestingGoogleEXT_YES,1,Below average,Below average,Below average,Enabled,[chobani complete drinkable yogurt],USA_EDP_OIKOS_BAUPPC2026_Consid_CPC_All_BlackConquestingGoogleEXT_YES,1,Below average,Below average,Below average,Enabled,[chobani complete drinkable yogurt],USA_EDP_OIKOS_BAUPPC2026_Consid_CPC_All_BlackConquestingGoogleEXT_YES,1,Below average,Below average,Below average
Enabled,[chobani protein shakes],USA_EDP_OIKOS_BAUPPC2026_Consid_CPC_All_BlackConquestingGoogleEXT_YES,1,Below average,Below average,Below average,Enabled,[chobani protein shakes],USA_EDP_OIKOS_BAUPPC2026_Consid_CPC_All_BlackConquestingGoogleEXT_YES,1,Below average,Below average,Below average,Enabled,[chobani protein shakes],USA_EDP_OIKOS_BAUPPC2026_Consid_CPC_All_BlackConquestingGoogleEXT_YES,1,Below average,Below average,Below average
Enabled,[chobani complete protein],USA_EDP_OIKOS_BAUPPC2026_Consid_CPC_All_BlackConquestingGoogleEXT_YES,1,Below average,Below average,Below average,Enabled,[chobani complete protein],USA_EDP_OIKOS_BAUPPC2026_Consid_CPC_All_BlackConquestingGoogleEXT_YES,1,Below average,Below average,Below average,Enabled,[chobani complete protein],USA_EDP_OIKOS_BAUPPC2026_Consid_CPC_All_BlackConquestingGoogleEXT_YES,1,Below average,Below average,Below average
Enabled,[chobani complete 25g protein],USA_EDP_OIKOS_BAUPPC2026_Consid_CPC_All_BlackConquestingGoogleEXT_YES, --, --, --, --,Enabled,[chobani complete 25g protein],USA_EDP_OIKOS_BAUPPC2026_Consid_CPC_All_BlackConquestingGoogleEXT_YES, --, --, --, --,Enabled,[chobani complete 25g protein],USA_EDP_OIKOS_BAUPPC2026_Consid_CPC_All_BlackConquestingGoogleEXT_YES, --, --, --, --
Enabled,[chobani complete vanilla],USA_EDP_OIKOS_BAUPPC2026_Consid_CPC_All_BlackConquestingGoogleEXT_YES,1,Below average,Below average,Below average,Enabled,[chobani complete vanilla],USA_EDP_OIKOS_BAUPPC2026_Consid_CPC_All_BlackConquestingGoogleEXT_YES,1,Below average,Below average,Below average,Enabled,[chobani complete vanilla],USA_EDP_OIKOS_BAUPPC2026_Consid_CPC_All_BlackConquestingGoogleEXT_YES,1,Below average,Below average,Below average
Enabled,[chobani complete drink],USA_EDP_OIKOS_BAUPPC2026_Consid_CPC_All_BlackConquestingGoogleEXT_YES,1,Below average,Below average,Below average,Enabled,[chobani complete drink],USA_EDP_OIKOS_BAUPPC2026_Consid_CPC_All_BlackConquestingGoogleEXT_YES,1,Below average,Below average,Below average,Enabled,[chobani complete drink],USA_EDP_OIKOS_BAUPPC2026_Consid_CPC_All_BlackConquestingGoogleEXT_YES,1,Below average,Below average,Below average
Enabled,[chobani complete strawberry cream],USA_EDP_OIKOS_BAUPPC2026_Consid_CPC_All_BlackConquestingGoogleEXT_YES,1,Below average,Below average,Below average,Enabled,[chobani complete strawberry cream],USA_EDP_OIKOS_BAUPPC2026_Consid_CPC_All_BlackConquestingGoogleEXT_YES,1,Below average,Below average,Below average,Enabled,[chobani complete strawberry cream],USA_EDP_OIKOS_BAUPPC2026_Consid_CPC_All_BlackConquestingGoogleEXT_YES,1,Below average,Below average,Below average
Enabled,[chobani peach],USA_EDP_OIKOS_BAUPPC2026_Consid_CPC_All_BlackConquestingGoogleEXT_YES,1,Below average,Below average,Below average,Enabled,[chobani peach],USA_EDP_OIKOS_BAUPPC2026_Consid_CPC_All_BlackConquestingGoogleEXT_YES,1,Below average,Below average,Below average,Enabled,[chobani peach],USA_EDP_OIKOS_BAUPPC2026_Consid_CPC_All_BlackConquestingGoogleEXT_YES,1,Below average,Below average,Below average
Enabled,[chobani complete calories],USA_EDP_OIKOS_BAUPPC2026_Consid_CPC_All_BlackConquestingGoogleEXT_YES,1,Below average,Below average,Below average,Enabled,[chobani complete calories],USA_EDP_OIKOS_BAUPPC2026_Consid_CPC_All_BlackConquestingGoogleEXT_YES,1,Below average,Below average,Below average,Enabled,[chobani complete calories],USA_EDP_OIKOS_BAUPPC2026_Consid_CPC_All_BlackConquestingGoogleEXT_YES,1,Below average,Below average,Below average
Enabled,[chobani complete mixed berry yogurt],USA_EDP_OIKOS_BAUPPC2026_Consid_CPC_All_BlackConquestingGoogleEXT_YES, --, --, --, --,Enabled,[chobani complete mixed berry yogurt],USA_EDP_OIKOS_BAUPPC2026_Consid_CPC_All_BlackConquestingGoogleEXT_YES, --, --, --, --,Enabled,[chobani complete mixed berry yogurt],USA_EDP_OIKOS_BAUPPC2026_Consid_CPC_All_BlackConquestingGoogleEXT_YES, --, --, --, --
Enabled,[chobani complete smoothie],USA_EDP_OIKOS_BAUPPC2026_Consid_CPC_All_BlackConquestingGoogleEXT_YES,1,Below average,Below average,Below average,Enabled,[chobani complete smoothie],USA_EDP_OIKOS_BAUPPC2026_Consid_CPC_All_BlackConquestingGoogleEXT_YES,1,Below average,Below average,Below average,Enabled,[chobani complete smoothie],USA_EDP_OIKOS_BAUPPC2026_Consid_CPC_All_BlackConquestingGoogleEXT_YES,1,Below average,Below average,Below average
Enabled,[chobani complete mixed berry vanilla],USA_EDP_OIKOS_BAUPPC2026_Consid_CPC_All_BlackConquestingGoogleEXT_YES, --, --, --, --,Enabled,[chobani complete mixed berry vanilla],USA_EDP_OIKOS_BAUPPC2026_Consid_CPC_All_BlackConquestingGoogleEXT_YES, --, --, --, --,Enabled,[chobani complete mixed berry vanilla],USA_EDP_OIKOS_BAUPPC2026_Consid_CPC_All_BlackConquestingGoogleEXT_YES, --, --, --, --
Enabled,[chobani complete ingredients],USA_EDP_OIKOS_BAUPPC2026_Consid_CPC_All_BlackConquestingGoogleEXT_YES, --, --, --, --,Enabled,[chobani complete ingredients],USA_EDP_OIKOS_BAUPPC2026_Consid_CPC_All_BlackConquestingGoogleEXT_YES, --, --, --, --,Enabled,[chobani complete ingredients],USA_EDP_OIKOS_BAUPPC2026_Consid_CPC_All_BlackConquestingGoogleEXT_YES, --, --, --, --
Enabled,[chobani complete banana cream],USA_EDP_OIKOS_BAUPPC2026_Consid_CPC_All_BlackConquestingGoogleEXT_YES,1,Below average,Below average,Below average,Enabled,[chobani complete banana cream],USA_EDP_OIKOS_BAUPPC2026_Consid_CPC_All_BlackConquestingGoogleEXT_YES,1,Below average,Below average,Below average,Enabled,[chobani complete banana cream],USA_EDP_OIKOS_BAUPPC2026_Consid_CPC_All_BlackConquestingGoogleEXT_YES,1,Below average,Below average,Below average
Enabled,[chobani complete],USA_EDP_OIKOS_BAUPPC2026_Consid_CPC_All_BlackConquestingGoogleEXT_YES,1,Below average,Below average,Below average,Enabled,[chobani complete],USA_EDP_OIKOS_BAUPPC2026_Consid_CPC_All_BlackConquestingGoogleEXT_YES,1,Below average,Below average,Below average,Enabled,[chobani complete],USA_EDP_OIKOS_BAUPPC2026_Consid_CPC_All_BlackConquestingGoogleEXT_YES,1,Below average,Below average,Below average
Enabled,[chobani complete yogurt nutrition],USA_EDP_OIKOS_BAUPPC2026_Consid_CPC_All_BlackConquestingGoogleEXT_YES, --, --, --, --,Enabled,[chobani complete yogurt nutrition],USA_EDP_OIKOS_BAUPPC2026_Consid_CPC_All_BlackConquestingGoogleEXT_YES, --, --, --, --,Enabled,[chobani complete yogurt nutrition],USA_EDP_OIKOS_BAUPPC2026_Consid_CPC_All_BlackConquestingGoogleEXT_YES, --, --, --, --
Enabled,[chobani strawberry cream],USA_EDP_OIKOS_BAUPPC2026_Consid_CPC_All_BlackConquestingGoogleEXT_YES,1,Below average,Below average,Below average,Enabled,[chobani strawberry cream],USA_EDP_OIKOS_BAUPPC2026_Consid_CPC_All_BlackConquestingGoogleEXT_YES,1,Below average,Below average,Below average,Enabled,[chobani strawberry cream],USA_EDP_OIKOS_BAUPPC2026_Consid_CPC_All_BlackConquestingGoogleEXT_YES,1,Below average,Below average,Below average
Enabled,[glp diet],USA_EDP_OIKOS_BAUPPC2026_Consid_CPC_All_FusionGenericGoogleEXT_YES,1,Below average,Below average,Below average,Enabled,[glp diet],USA_EDP_OIKOS_BAUPPC2026_Consid_CPC_All_FusionGenericGoogleEXT_YES,1,Below average,Below average,Below average,Enabled,[glp diet],USA_EDP_OIKOS_BAUPPC2026_Consid_CPC_All_FusionGenericGoogleEXT_YES,1,Below average,Below average,Below average
Enabled,[glp1 food plan],USA_EDP_OIKOS_BAUPPC2026_Consid_CPC_All_FusionGenericGoogleEXT_YES,1,Below average,Below average,Below average,Enabled,[glp1 food plan],USA_EDP_OIKOS_BAUPPC2026_Consid_CPC_All_FusionGenericGoogleEXT_YES,1,Below average,Below average,Below average,Enabled,[glp1 food plan],USA_EDP_OIKOS_BAUPPC2026_Consid_CPC_All_FusionGenericGoogleEXT_YES,1,Below average,Below average,Below average
Enabled,[glp1 food],USA_EDP_OIKOS_BAUPPC2026_Consid_CPC_All_FusionGenericGoogleEXT_YES,1,Below average,Below average,Below average,Enabled,[glp1 food],USA_EDP_OIKOS_BAUPPC2026_Consid_CPC_All_FusionGenericGoogleEXT_YES,1,Below average,Below average,Below average,Enabled,[glp1 food],USA_EDP_OIKOS_BAUPPC2026_Consid_CPC_All_FusionGenericGoogleEXT_YES,1,Below average,Below average,Below average
Enabled,[GLP1 diet plan],USA_EDP_OIKOS_BAUPPC2026_Consid_CPC_All_FusionGenericGoogleEXT_YES,1,Below average,Below average,Below average,Enabled,[GLP1 diet plan],USA_EDP_OIKOS_BAUPPC2026_Consid_CPC_All_FusionGenericGoogleEXT_YES,1,Below average,Below average,Below average,Enabled,[GLP1 diet plan],USA_EDP_OIKOS_BAUPPC2026_Consid_CPC_All_FusionGenericGoogleEXT_YES,1,Below average,Below average,Below average
Enabled,[GLP1 snacks],USA_EDP_OIKOS_BAUPPC2026_Consid_CPC_All_FusionGenericGoogleEXT_YES,1,Below average,Below average,Below average,Enabled,[GLP1 snacks],USA_EDP_OIKOS_BAUPPC2026_Consid_CPC_All_FusionGenericGoogleEXT_YES,1,Below average,Below average,Below average,Enabled,[GLP1 snacks],USA_EDP_OIKOS_BAUPPC2026_Consid_CPC_All_FusionGenericGoogleEXT_YES,1,Below average,Below average,Below average
Enabled,[tirzepatide diet],USA_EDP_OIKOS_BAUPPC2026_Consid_CPC_All_FusionGenericGoogleEXT_YES,1,Below average,Below average,Below average,Enabled,[tirzepatide diet],USA_EDP_OIKOS_BAUPPC2026_Consid_CPC_All_FusionGenericGoogleEXT_YES,1,Below average,Below average,Below average,Enabled,[tirzepatide diet],USA_EDP_OIKOS_BAUPPC2026_Consid_CPC_All_FusionGenericGoogleEXT_YES,1,Below average,Below average,Below average
Enabled,[glp 1 diet],USA_EDP_OIKOS_BAUPPC2026_Consid_CPC_All_FusionGenericGoogleEXT_YES,1,Below average,Below average,Below average,Enabled,[glp 1 diet],USA_EDP_OIKOS_BAUPPC2026_Consid_CPC_All_FusionGenericGoogleEXT_YES,1,Below average,Below average,Below average,Enabled,[glp 1 diet],USA_EDP_OIKOS_BAUPPC2026_Consid_CPC_All_FusionGenericGoogleEXT_YES,1,Below average,Below average,Below average
Enabled,[best GLP1 foods],USA_EDP_OIKOS_BAUPPC2026_Consid_CPC_All_FusionGenericGoogleEXT_YES,1,Below average,Below average,Below average,Enabled,[best GLP1 foods],USA_EDP_OIKOS_BAUPPC2026_Consid_CPC_All_FusionGenericGoogleEXT_YES,1,Below average,Below average,Below average,Enabled,[best GLP1 foods],USA_EDP_OIKOS_BAUPPC2026_Consid_CPC_All_FusionGenericGoogleEXT_YES,1,Below average,Below average,Below average
Enabled,[glp 1 food intake],USA_EDP_OIKOS_BAUPPC2026_Consid_CPC_All_FusionGenericGoogleEXT_YES,1,Below average,Below average,Below average,Enabled,[glp 1 food intake],USA_EDP_OIKOS_BAUPPC2026_Consid_CPC_All_FusionGenericGoogleEXT_YES,1,Below average,Below average,Below average,Enabled,[glp 1 food intake],USA_EDP_OIKOS_BAUPPC2026_Consid_CPC_All_FusionGenericGoogleEXT_YES,1,Below average,Below average,Below average
Enabled,[glp1 protein],USA_EDP_OIKOS_BAUPPC2026_Consid_CPC_All_FusionGenericGoogleEXT_YES,1,Below average,Below average,Below average,Enabled,[glp1 protein],USA_EDP_OIKOS_BAUPPC2026_Consid_CPC_All_FusionGenericGoogleEXT_YES,1,Below average,Below average,Below average,Enabled,[glp1 protein],USA_EDP_OIKOS_BAUPPC2026_Consid_CPC_All_FusionGenericGoogleEXT_YES,1,Below average,Below average,Below average
Enabled,[GLP1 diet],USA_EDP_OIKOS_BAUPPC2026_Consid_CPC_All_FusionGenericGoogleEXT_YES,1,Below average,Below average,Below average,Enabled,[GLP1 diet],USA_EDP_OIKOS_BAUPPC2026_Consid_CPC_All_FusionGenericGoogleEXT_YES,1,Below average,Below average,Below average,Enabled,[GLP1 diet],USA_EDP_OIKOS_BAUPPC2026_Consid_CPC_All_FusionGenericGoogleEXT_YES,1,Below average,Below average,Below average
Enabled,[Snacks while taking glp1],USA_EDP_OIKOS_BAUPPC2026_Consid_CPC_All_FusionGenericGoogleEXT_YES, --, --, --, --,Enabled,[Snacks while taking glp1],USA_EDP_OIKOS_BAUPPC2026_Consid_CPC_All_FusionGenericGoogleEXT_YES, --, --, --, --,Enabled,[Snacks while taking glp1],USA_EDP_OIKOS_BAUPPC2026_Consid_CPC_All_FusionGenericGoogleEXT_YES, --, --, --, --
Enabled,[glp 1 diet near me],USA_EDP_OIKOS_BAUPPC2026_Consid_CPC_All_FusionGenericGoogleEXT_YES, --, --, --, --,Enabled,[glp 1 diet near me],USA_EDP_OIKOS_BAUPPC2026_Consid_CPC_All_FusionGenericGoogleEXT_YES, --, --, --, --,Enabled,[glp 1 diet near me],USA_EDP_OIKOS_BAUPPC2026_Consid_CPC_All_FusionGenericGoogleEXT_YES, --, --, --, --
Enabled,[glp1 food ideas],USA_EDP_OIKOS_BAUPPC2026_Consid_CPC_All_FusionGenericGoogleEXT_YES,1,Below average,Below average,Below average,Enabled,[glp1 food ideas],USA_EDP_OIKOS_BAUPPC2026_Consid_CPC_All_FusionGenericGoogleEXT_YES,1,Below average,Below average,Below average,Enabled,[glp1 food ideas],USA_EDP_OIKOS_BAUPPC2026_Consid_CPC_All_FusionGenericGoogleEXT_YES,1,Below average,Below average,Below average
Enabled,[GLP1 friendly snacks],USA_EDP_OIKOS_BAUPPC2026_Consid_CPC_All_FusionGenericGoogleEXT_YES,1,Below average,Below average,Below average,Enabled,[GLP1 friendly snacks],USA_EDP_OIKOS_BAUPPC2026_Consid_CPC_All_FusionGenericGoogleEXT_YES,1,Below average,Below average,Below average,Enabled,[GLP1 friendly snacks],USA_EDP_OIKOS_BAUPPC2026_Consid_CPC_All_FusionGenericGoogleEXT_YES,1,Below average,Below average,Below average
Enabled,[best diet for mounjaro],USA_EDP_OIKOS_BAUPPC2026_Consid_CPC_All_FusionGenericGoogleEXT_YES,1,Below average,Below average,Below average,Enabled,[best diet for mounjaro],USA_EDP_OIKOS_BAUPPC2026_Consid_CPC_All_FusionGenericGoogleEXT_YES,1,Below average,Below average,Below average,Enabled,[best diet for mounjaro],USA_EDP_OIKOS_BAUPPC2026_Consid_CPC_All_FusionGenericGoogleEXT_YES,1,Below average,Below average,Below average
Enabled,[mounjaro diet tips],USA_EDP_OIKOS_BAUPPC2026_Consid_CPC_All_FusionGenericGoogleEXT_YES, --, --, --, --,Enabled,[mounjaro diet tips],USA_EDP_OIKOS_BAUPPC2026_Consid_CPC_All_FusionGenericGoogleEXT_YES, --, --, --, --,Enabled,[mounjaro diet tips],USA_EDP_OIKOS_BAUPPC2026_Consid_CPC_All_FusionGenericGoogleEXT_YES, --, --, --, --
Enabled,[mounjaro and diet],USA_EDP_OIKOS_BAUPPC2026_Consid_CPC_All_FusionGenericGoogleEXT_YES, --, --, --, --,Enabled,[mounjaro and diet],USA_EDP_OIKOS_BAUPPC2026_Consid_CPC_All_FusionGenericGoogleEXT_YES, --, --, --, --,Enabled,[mounjaro and diet],USA_EDP_OIKOS_BAUPPC2026_Consid_CPC_All_FusionGenericGoogleEXT_YES, --, --, --, --
Enabled,[manjaro diet],USA_EDP_OIKOS_BAUPPC2026_Consid_CPC_All_FusionGenericGoogleEXT_YES,1,Below average,Below average,Below average,Enabled,[manjaro diet],USA_EDP_OIKOS_BAUPPC2026_Consid_CPC_All_FusionGenericGoogleEXT_YES,1,Below average,Below average,Below average,Enabled,[manjaro diet],USA_EDP_OIKOS_BAUPPC2026_Consid_CPC_All_FusionGenericGoogleEXT_YES,1,Below average,Below average,Below average
Enabled,[diet for mounjaro],USA_EDP_OIKOS_BAUPPC2026_Consid_CPC_All_FusionGenericGoogleEXT_YES,1,Below average,Below average,Below average,Enabled,[diet for mounjaro],USA_EDP_OIKOS_BAUPPC2026_Consid_CPC_All_FusionGenericGoogleEXT_YES,1,Below average,Below average,Below average,Enabled,[diet for mounjaro],USA_EDP_OIKOS_BAUPPC2026_Consid_CPC_All_FusionGenericGoogleEXT_YES,1,Below average,Below average,Below average
Enabled,[best diet with mounjaro],USA_EDP_OIKOS_BAUPPC2026_Consid_CPC_All_FusionGenericGoogleEXT_YES,1,Below average,Below average,Below average,Enabled,[best diet with mounjaro],USA_EDP_OIKOS_BAUPPC2026_Consid_CPC_All_FusionGenericGoogleEXT_YES,1,Below average,Below average,Below average,Enabled,[best diet with mounjaro],USA_EDP_OIKOS_BAUPPC2026_Consid_CPC_All_FusionGenericGoogleEXT_YES,1,Below average,Below average,Below average
Enabled,[diet while on mounjaro],USA_EDP_OIKOS_BAUPPC2026_Consid_CPC_All_FusionGenericGoogleEXT_YES,1,Below average,Below average,Below average,Enabled,[diet while on mounjaro],USA_EDP_OIKOS_BAUPPC2026_Consid_CPC_All_FusionGenericGoogleEXT_YES,1,Below average,Below average,Below average,Enabled,[diet while on mounjaro],USA_EDP_OIKOS_BAUPPC2026_Consid_CPC_All_FusionGenericGoogleEXT_YES,1,Below average,Below average,Below average
Enabled,[mounjaro food plan],USA_EDP_OIKOS_BAUPPC2026_Consid_CPC_All_FusionGenericGoogleEXT_YES,1,Below average,Below average,Below average,Enabled,[mounjaro food plan],USA_EDP_OIKOS_BAUPPC2026_Consid_CPC_All_FusionGenericGoogleEXT_YES,1,Below average,Below average,Below average,Enabled,[mounjaro food plan],USA_EDP_OIKOS_BAUPPC2026_Consid_CPC_All_FusionGenericGoogleEXT_YES,1,Below average,Below average,Below average
Enabled,[foods to avoid while on mounjaro],USA_EDP_OIKOS_BAUPPC2026_Consid_CPC_All_FusionGenericGoogleEXT_YES,1,Below average,Below average,Below average,Enabled,[foods to avoid while on mounjaro],USA_EDP_OIKOS_BAUPPC2026_Consid_CPC_All_FusionGenericGoogleEXT_YES,1,Below average,Below average,Below average,Enabled,[foods to avoid while on mounjaro],USA_EDP_OIKOS_BAUPPC2026_Consid_CPC_All_FusionGenericGoogleEXT_YES,1,Below average,Below average,Below average
Enabled,[diet while taking mounjaro],USA_EDP_OIKOS_BAUPPC2026_Consid_CPC_All_FusionGenericGoogleEXT_YES,1,Below average,Below average,Below average,Enabled,[diet while taking mounjaro],USA_EDP_OIKOS_BAUPPC2026_Consid_CPC_All_FusionGenericGoogleEXT_YES,1,Below average,Below average,Below average,Enabled,[diet while taking mounjaro],USA_EDP_OIKOS_BAUPPC2026_Consid_CPC_All_FusionGenericGoogleEXT_YES,1,Below average,Below average,Below average
Enabled,[mounjaro diet plan pdf],USA_EDP_OIKOS_BAUPPC2026_Consid_CPC_All_FusionGenericGoogleEXT_YES,1,Below average,Below average,Below average,Enabled,[mounjaro diet plan pdf],USA_EDP_OIKOS_BAUPPC2026_Consid_CPC_All_FusionGenericGoogleEXT_YES,1,Below average,Below average,Below average,Enabled,[mounjaro diet plan pdf],USA_EDP_OIKOS_BAUPPC2026_Consid_CPC_All_FusionGenericGoogleEXT_YES,1,Below average,Below average,Below average
Enabled,[best diet while on mounjaro],USA_EDP_OIKOS_BAUPPC2026_Consid_CPC_All_FusionGenericGoogleEXT_YES,1,Below average,Below average,Below average,Enabled,[best diet while on mounjaro],USA_EDP_OIKOS_BAUPPC2026_Consid_CPC_All_FusionGenericGoogleEXT_YES,1,Below average,Below average,Below average,Enabled,[best diet while on mounjaro],USA_EDP_OIKOS_BAUPPC2026_Consid_CPC_All_FusionGenericGoogleEXT_YES,1,Below average,Below average,Below average
Enabled,[diet with mounjaro],USA_EDP_OIKOS_BAUPPC2026_Consid_CPC_All_FusionGenericGoogleEXT_YES,1,Below average,Below average,Below average,Enabled,[diet with mounjaro],USA_EDP_OIKOS_BAUPPC2026_Consid_CPC_All_FusionGenericGoogleEXT_YES,1,Below average,Below average,Below average,Enabled,[diet with mounjaro],USA_EDP_OIKOS_BAUPPC2026_Consid_CPC_All_FusionGenericGoogleEXT_YES,1,Below average,Below average,Below average
Enabled,[mounjaro protein],USA_EDP_OIKOS_BAUPPC2026_Consid_CPC_All_FusionGenericGoogleEXT_YES,2,Below average,Average,Below average,Enabled,[mounjaro protein],USA_EDP_OIKOS_BAUPPC2026_Consid_CPC_All_FusionGenericGoogleEXT_YES,2,Below average,Average,Below average,Enabled,[mounjaro protein],USA_EDP_OIKOS_BAUPPC2026_Consid_CPC_All_FusionGenericGoogleEXT_YES,2,Below average,Average,Below average
Enabled,[mounjaro diet],USA_EDP_OIKOS_BAUPPC2026_Consid_CPC_All_FusionGenericGoogleEXT_YES,1,Below average,Below average,Below average,Enabled,[mounjaro diet],USA_EDP_OIKOS_BAUPPC2026_Consid_CPC_All_FusionGenericGoogleEXT_YES,1,Below average,Below average,Below average,Enabled,[mounjaro diet],USA_EDP_OIKOS_BAUPPC2026_Consid_CPC_All_FusionGenericGoogleEXT_YES,1,Below average,Below average,Below average
Enabled,[diet on mounjaro],USA_EDP_OIKOS_BAUPPC2026_Consid_CPC_All_FusionGenericGoogleEXT_YES,1,Below average,Below average,Below average,Enabled,[diet on mounjaro],USA_EDP_OIKOS_BAUPPC2026_Consid_CPC_All_FusionGenericGoogleEXT_YES,1,Below average,Below average,Below average,Enabled,[diet on mounjaro],USA_EDP_OIKOS_BAUPPC2026_Consid_CPC_All_FusionGenericGoogleEXT_YES,1,Below average,Below average,Below average
Enabled,[mounjaro diet meal plan],USA_EDP_OIKOS_BAUPPC2026_Consid_CPC_All_FusionGenericGoogleEXT_YES,1,Below average,Below average,Below average,Enabled,[mounjaro diet meal plan],USA_EDP_OIKOS_BAUPPC2026_Consid_CPC_All_FusionGenericGoogleEXT_YES,1,Below average,Below average,Below average,Enabled,[mounjaro diet meal plan],USA_EDP_OIKOS_BAUPPC2026_Consid_CPC_All_FusionGenericGoogleEXT_YES,1,Below average,Below average,Below average
Enabled,[mounjaro diet plan],USA_EDP_OIKOS_BAUPPC2026_Consid_CPC_All_FusionGenericGoogleEXT_YES,1,Below average,Below average,Below average,Enabled,[mounjaro diet plan],USA_EDP_OIKOS_BAUPPC2026_Consid_CPC_All_FusionGenericGoogleEXT_YES,1,Below average,Below average,Below average,Enabled,[mounjaro diet plan],USA_EDP_OIKOS_BAUPPC2026_Consid_CPC_All_FusionGenericGoogleEXT_YES,1,Below average,Below average,Below average
Enabled,[wegovy diet],USA_EDP_OIKOS_BAUPPC2026_Consid_CPC_All_FusionGenericGoogleEXT_YES, --, --, --, --,Enabled,[wegovy diet],USA_EDP_OIKOS_BAUPPC2026_Consid_CPC_All_FusionGenericGoogleEXT_YES, --, --, --, --,Enabled,[wegovy diet],USA_EDP_OIKOS_BAUPPC2026_Consid_CPC_All_FusionGenericGoogleEXT_YES, --, --, --, --
Enabled,[weight loss hydration],USA_EDP_OIKOS_BAUPPC2026_Consid_CPC_All_FusionGenericGoogleEXT_YES,1,Below average,Below average,Below average,Enabled,[weight loss hydration],USA_EDP_OIKOS_BAUPPC2026_Consid_CPC_All_FusionGenericGoogleEXT_YES,1,Below average,Below average,Below average,Enabled,[weight loss hydration],USA_EDP_OIKOS_BAUPPC2026_Consid_CPC_All_FusionGenericGoogleEXT_YES,1,Below average,Below average,Below average
Enabled,[diet while on ozempic],USA_EDP_OIKOS_BAUPPC2026_Consid_CPC_All_FusionGenericGoogleEXT_YES, --, --, --, --,Enabled,[diet while on ozempic],USA_EDP_OIKOS_BAUPPC2026_Consid_CPC_All_FusionGenericGoogleEXT_YES, --, --, --, --,Enabled,[diet while on ozempic],USA_EDP_OIKOS_BAUPPC2026_Consid_CPC_All_FusionGenericGoogleEXT_YES, --, --, --, --
Enabled,[zepbound food plan],USA_EDP_OIKOS_BAUPPC2026_Consid_CPC_All_FusionGenericGoogleEXT_YES,1,Below average,Below average,Below average,Enabled,[zepbound food plan],USA_EDP_OIKOS_BAUPPC2026_Consid_CPC_All_FusionGenericGoogleEXT_YES,1,Below average,Below average,Below average,Enabled,[zepbound food plan],USA_EDP_OIKOS_BAUPPC2026_Consid_CPC_All_FusionGenericGoogleEXT_YES,1,Below average,Below average,Below average
Enabled,[best diet for zepbound],USA_EDP_OIKOS_BAUPPC2026_Consid_CPC_All_FusionGenericGoogleEXT_YES,1,Below average,Below average,Below average,Enabled,[best diet for zepbound],USA_EDP_OIKOS_BAUPPC2026_Consid_CPC_All_FusionGenericGoogleEXT_YES,1,Below average,Below average,Below average,Enabled,[best diet for zepbound],USA_EDP_OIKOS_BAUPPC2026_Consid_CPC_All_FusionGenericGoogleEXT_YES,1,Below average,Below average,Below average
Enabled,[zepbound eating plan],USA_EDP_OIKOS_BAUPPC2026_Consid_CPC_All_FusionGenericGoogleEXT_YES,1,Below average,Below average,Below average,Enabled,[zepbound eating plan],USA_EDP_OIKOS_BAUPPC2026_Consid_CPC_All_FusionGenericGoogleEXT_YES,1,Below average,Below average,Below average,Enabled,[zepbound eating plan],USA_EDP_OIKOS_BAUPPC2026_Consid_CPC_All_FusionGenericGoogleEXT_YES,1,Below average,Below average,Below average
Enabled,[best diet with zepbound],USA_EDP_OIKOS_BAUPPC2026_Consid_CPC_All_FusionGenericGoogleEXT_YES,1,Below average,Below average,Below average,Enabled,[best diet with zepbound],USA_EDP_OIKOS_BAUPPC2026_Consid_CPC_All_FusionGenericGoogleEXT_YES,1,Below average,Below average,Below average,Enabled,[best diet with zepbound],USA_EDP_OIKOS_BAUPPC2026_Consid_CPC_All_FusionGenericGoogleEXT_YES,1,Below average,Below average,Below average
Enabled,[zepbound diet and exercise],USA_EDP_OIKOS_BAUPPC2026_Consid_CPC_All_FusionGenericGoogleEXT_YES,1,Below average,Below average,Below average,Enabled,[zepbound diet and exercise],USA_EDP_OIKOS_BAUPPC2026_Consid_CPC_All_FusionGenericGoogleEXT_YES,1,Below average,Below average,Below average,Enabled,[zepbound diet and exercise],USA_EDP_OIKOS_BAUPPC2026_Consid_CPC_All_FusionGenericGoogleEXT_YES,1,Below average,Below average,Below average
Enabled,[zepbound diet plan],USA_EDP_OIKOS_BAUPPC2026_Consid_CPC_All_FusionGenericGoogleEXT_YES,1,Below average,Below average,Below average,Enabled,[zepbound diet plan],USA_EDP_OIKOS_BAUPPC2026_Consid_CPC_All_FusionGenericGoogleEXT_YES,1,Below average,Below average,Below average,Enabled,[zepbound diet plan],USA_EDP_OIKOS_BAUPPC2026_Consid_CPC_All_FusionGenericGoogleEXT_YES,1,Below average,Below average,Below average
Enabled,[best diet on zepbound],USA_EDP_OIKOS_BAUPPC2026_Consid_CPC_All_FusionGenericGoogleEXT_YES,1,Below average,Below average,Below average,Enabled,[best diet on zepbound],USA_EDP_OIKOS_BAUPPC2026_Consid_CPC_All_FusionGenericGoogleEXT_YES,1,Below average,Below average,Below average,Enabled,[best diet on zepbound],USA_EDP_OIKOS_BAUPPC2026_Consid_CPC_All_FusionGenericGoogleEXT_YES,1,Below average,Below average,Below average
Enabled,[zepbound protein],USA_EDP_OIKOS_BAUPPC2026_Consid_CPC_All_FusionGenericGoogleEXT_YES,2,Below average,Average,Below average,Enabled,[zepbound protein],USA_EDP_OIKOS_BAUPPC2026_Consid_CPC_All_FusionGenericGoogleEXT_YES,2,Below average,Average,Below average,Enabled,[zepbound protein],USA_EDP_OIKOS_BAUPPC2026_Consid_CPC_All_FusionGenericGoogleEXT_YES,2,Below average,Average,Below average
Enabled,[zepbound diet],USA_EDP_OIKOS_BAUPPC2026_Consid_CPC_All_FusionGenericGoogleEXT_YES,1,Below average,Below average,Below average,Enabled,[zepbound diet],USA_EDP_OIKOS_BAUPPC2026_Consid_CPC_All_FusionGenericGoogleEXT_YES,1,Below average,Below average,Below average,Enabled,[zepbound diet],USA_EDP_OIKOS_BAUPPC2026_Consid_CPC_All_FusionGenericGoogleEXT_YES,1,Below average,Below average,Below average
Enabled,[zepbound food],USA_EDP_OIKOS_BAUPPC2026_Consid_CPC_All_FusionGenericGoogleEXT_YES,1,Below average,Below average,Below average,Enabled,[zepbound food],USA_EDP_OIKOS_BAUPPC2026_Consid_CPC_All_FusionGenericGoogleEXT_YES,1,Below average,Below average,Below average,Enabled,[zepbound food],USA_EDP_OIKOS_BAUPPC2026_Consid_CPC_All_FusionGenericGoogleEXT_YES,1,Below average,Below average,Below average
Enabled,[diet with zepbound],USA_EDP_OIKOS_BAUPPC2026_Consid_CPC_All_FusionGenericGoogleEXT_YES,1,Below average,Below average,Below average,Enabled,[diet with zepbound],USA_EDP_OIKOS_BAUPPC2026_Consid_CPC_All_FusionGenericGoogleEXT_YES,1,Below average,Below average,Below average,Enabled,[diet with zepbound],USA_EDP_OIKOS_BAUPPC2026_Consid_CPC_All_FusionGenericGoogleEXT_YES,1,Below average,Below average,Below average
Enabled,[foods to avoid on zepbound],USA_EDP_OIKOS_BAUPPC2026_Consid_CPC_All_FusionGenericGoogleEXT_YES,1,Below average,Below average,Below average,Enabled,[foods to avoid on zepbound],USA_EDP_OIKOS_BAUPPC2026_Consid_CPC_All_FusionGenericGoogleEXT_YES,1,Below average,Below average,Below average,Enabled,[foods to avoid on zepbound],USA_EDP_OIKOS_BAUPPC2026_Consid_CPC_All_FusionGenericGoogleEXT_YES,1,Below average,Below average,Below average
Enabled,[diet for zepbound],USA_EDP_OIKOS_BAUPPC2026_Consid_CPC_All_FusionGenericGoogleEXT_YES,1,Below average,Below average,Below average,Enabled,[diet for zepbound],USA_EDP_OIKOS_BAUPPC2026_Consid_CPC_All_FusionGenericGoogleEXT_YES,1,Below average,Below average,Below average,Enabled,[diet for zepbound],USA_EDP_OIKOS_BAUPPC2026_Consid_CPC_All_FusionGenericGoogleEXT_YES,1,Below average,Below average,Below average
Enabled,[diet on zepbound],USA_EDP_OIKOS_BAUPPC2026_Consid_CPC_All_FusionGenericGoogleEXT_YES,1,Below average,Below average,Below average,Enabled,[diet on zepbound],USA_EDP_OIKOS_BAUPPC2026_Consid_CPC_All_FusionGenericGoogleEXT_YES,1,Below average,Below average,Below average,Enabled,[diet on zepbound],USA_EDP_OIKOS_BAUPPC2026_Consid_CPC_All_FusionGenericGoogleEXT_YES,1,Below average,Below average,Below average
Enabled,[diet while on zepbound],USA_EDP_OIKOS_BAUPPC2026_Consid_CPC_All_FusionGenericGoogleEXT_YES,1,Below average,Below average,Below average,Enabled,[diet while on zepbound],USA_EDP_OIKOS_BAUPPC2026_Consid_CPC_All_FusionGenericGoogleEXT_YES,1,Below average,Below average,Below average,Enabled,[diet while on zepbound],USA_EDP_OIKOS_BAUPPC2026_Consid_CPC_All_FusionGenericGoogleEXT_YES,1,Below average,Below average,Below average
Enabled,[oikos protein yogurt],USA_EDP_OIKOS_BAUPPC2026_Consid_CPC_All_BlackRTBBrandGoogleEXT_YES,6,Above average,Average,Below average,Enabled,[oikos protein yogurt],USA_EDP_OIKOS_BAUPPC2026_Consid_CPC_All_BlackRTBBrandGoogleEXT_YES,6,Above average,Average,Below average,Enabled,[oikos protein yogurt],USA_EDP_OIKOS_BAUPPC2026_Consid_CPC_All_BlackRTBBrandGoogleEXT_YES,6,Above average,Average,Below average
Enabled,[oikos pro plain yogurt],USA_EDP_OIKOS_BAUPPC2026_Consid_CPC_All_BlackRTBBrandGoogleEXT_YES,5,Above average,Below average,Below average,Enabled,[oikos pro plain yogurt],USA_EDP_OIKOS_BAUPPC2026_Consid_CPC_All_BlackRTBBrandGoogleEXT_YES,5,Above average,Below average,Below average,Enabled,[oikos pro plain yogurt],USA_EDP_OIKOS_BAUPPC2026_Consid_CPC_All_BlackRTBBrandGoogleEXT_YES,5,Above average,Below average,Below average
Enabled,[oikos greek],USA_EDP_OIKOS_BAUPPC2026_Consid_CPC_All_YogurtBrandGoogleEXT_YES,7,Above average,Above average,Below average,Enabled,[oikos greek],USA_EDP_OIKOS_BAUPPC2026_Consid_CPC_All_YogurtBrandGoogleEXT_YES,7,Above average,Above average,Below average,Enabled,[oikos greek],USA_EDP_OIKOS_BAUPPC2026_Consid_CPC_All_YogurtBrandGoogleEXT_YES,7,Above average,Above average,Below average
Enabled,[danone oikos greek yogurt],USA_EDP_OIKOS_BAUPPC2026_Consid_CPC_All_YogurtBrandGoogleEXT_YES,5,Above average,Below average,Below average,Enabled,[danone oikos greek yogurt],USA_EDP_OIKOS_BAUPPC2026_Consid_CPC_All_YogurtBrandGoogleEXT_YES,5,Above average,Below average,Below average,Enabled,[danone oikos greek yogurt],USA_EDP_OIKOS_BAUPPC2026_Consid_CPC_All_YogurtBrandGoogleEXT_YES,5,Above average,Below average,Below average
Enabled,[oikos greek yogurt],USA_EDP_OIKOS_BAUPPC2026_Consid_CPC_All_YogurtBrandGoogleEXT_YES,6,Above average,Average,Below average,Enabled,[oikos greek yogurt],USA_EDP_OIKOS_BAUPPC2026_Consid_CPC_All_YogurtBrandGoogleEXT_YES,6,Above average,Average,Below average,Enabled,[oikos greek yogurt],USA_EDP_OIKOS_BAUPPC2026_Consid_CPC_All_YogurtBrandGoogleEXT_YES,6,Above average,Average,Below average
Enabled,[oikos remix],USA_EDP_OIKOS_BAUPPC2026_Consid_CPC_All_REMIXBrandGoogleEXT_YES,10,Above average,Above average,Above average,Enabled,[oikos remix],USA_EDP_OIKOS_BAUPPC2026_Consid_CPC_All_REMIXBrandGoogleEXT_YES,10,Above average,Above average,Above average,Enabled,[oikos remix],USA_EDP_OIKOS_BAUPPC2026_Consid_CPC_All_REMIXBrandGoogleEXT_YES,10,Above average,Above average,Above average
Enabled,[Oikos Fusion Drink],USA_EDP_OIKOS_BAUPPC2026_Consid_CPC_All_FusionBrandGoogleEXT_YES, --, --, --, --,Enabled,[Oikos Fusion Drink],USA_EDP_OIKOS_BAUPPC2026_Consid_CPC_All_FusionBrandGoogleEXT_YES, --, --, --, --,Enabled,[Oikos Fusion Drink],USA_EDP_OIKOS_BAUPPC2026_Consid_CPC_All_FusionBrandGoogleEXT_YES, --, --, --, --
Enabled,[Where to buy Oikos Fusion],USA_EDP_OIKOS_BAUPPC2026_Consid_CPC_All_FusionBrandGoogleEXT_YES, --, --, --, --,Enabled,[Where to buy Oikos Fusion],USA_EDP_OIKOS_BAUPPC2026_Consid_CPC_All_FusionBrandGoogleEXT_YES, --, --, --, --,Enabled,[Where to buy Oikos Fusion],USA_EDP_OIKOS_BAUPPC2026_Consid_CPC_All_FusionBrandGoogleEXT_YES, --, --, --, --
Enabled,[Oikos High Protein Fusion Drink],USA_EDP_OIKOS_BAUPPC2026_Consid_CPC_All_FusionBrandGoogleEXT_YES, --, --, --, --,Enabled,[Oikos High Protein Fusion Drink],USA_EDP_OIKOS_BAUPPC2026_Consid_CPC_All_FusionBrandGoogleEXT_YES, --, --, --, --,Enabled,[Oikos High Protein Fusion Drink],USA_EDP_OIKOS_BAUPPC2026_Consid_CPC_All_FusionBrandGoogleEXT_YES, --, --, --, --
Enabled,[Oikos Fusion nutrition],USA_EDP_OIKOS_BAUPPC2026_Consid_CPC_All_FusionBrandGoogleEXT_YES, --, --, --, --,Enabled,[Oikos Fusion nutrition],USA_EDP_OIKOS_BAUPPC2026_Consid_CPC_All_FusionBrandGoogleEXT_YES, --, --, --, --,Enabled,[Oikos Fusion nutrition],USA_EDP_OIKOS_BAUPPC2026_Consid_CPC_All_FusionBrandGoogleEXT_YES, --, --, --, --
Enabled,[Oikos Fusion],USA_EDP_OIKOS_BAUPPC2026_Consid_CPC_All_FusionBrandGoogleEXT_YES, --, --, --, --,Enabled,[Oikos Fusion],USA_EDP_OIKOS_BAUPPC2026_Consid_CPC_All_FusionBrandGoogleEXT_YES, --, --, --, --,Enabled,[Oikos Fusion],USA_EDP_OIKOS_BAUPPC2026_Consid_CPC_All_FusionBrandGoogleEXT_YES, --, --, --, --
Enabled,[Oikos Digestive health drink],USA_EDP_OIKOS_BAUPPC2026_Consid_CPC_All_FusionBrandGoogleEXT_YES, --, --, --, --,Enabled,[Oikos Digestive health drink],USA_EDP_OIKOS_BAUPPC2026_Consid_CPC_All_FusionBrandGoogleEXT_YES, --, --, --, --,Enabled,[Oikos Digestive health drink],USA_EDP_OIKOS_BAUPPC2026_Consid_CPC_All_FusionBrandGoogleEXT_YES, --, --, --, --
Enabled,[Oikos Fusion Mixed Berry],USA_EDP_OIKOS_BAUPPC2026_Consid_CPC_All_FusionBrandGoogleEXT_YES, --, --, --, --,Enabled,[Oikos Fusion Mixed Berry],USA_EDP_OIKOS_BAUPPC2026_Consid_CPC_All_FusionBrandGoogleEXT_YES, --, --, --, --,Enabled,[Oikos Fusion Mixed Berry],USA_EDP_OIKOS_BAUPPC2026_Consid_CPC_All_FusionBrandGoogleEXT_YES, --, --, --, --
Enabled,[Oikos Fusion Strawberry],USA_EDP_OIKOS_BAUPPC2026_Consid_CPC_All_FusionBrandGoogleEXT_YES, --, --, --, --,Enabled,[Oikos Fusion Strawberry],USA_EDP_OIKOS_BAUPPC2026_Consid_CPC_All_FusionBrandGoogleEXT_YES, --, --, --, --,Enabled,[Oikos Fusion Strawberry],USA_EDP_OIKOS_BAUPPC2026_Consid_CPC_All_FusionBrandGoogleEXT_YES, --, --, --, --
Enabled,[Oikos Fusion Vanilla],USA_EDP_OIKOS_BAUPPC2026_Consid_CPC_All_FusionBrandGoogleEXT_YES, --, --, --, --,Enabled,[Oikos Fusion Vanilla],USA_EDP_OIKOS_BAUPPC2026_Consid_CPC_All_FusionBrandGoogleEXT_YES, --, --, --, --,Enabled,[Oikos Fusion Vanilla],USA_EDP_OIKOS_BAUPPC2026_Consid_CPC_All_FusionBrandGoogleEXT_YES, --, --, --, --
Enabled,[protein rich greek yogurt],USA_EDP_OIKOS_BAUPPC2026_Consid_CPC_All_BlackRTBGenericGoogleEXT_YES,3,Average,Below average,Below average,Enabled,[protein rich greek yogurt],USA_EDP_OIKOS_BAUPPC2026_Consid_CPC_All_BlackRTBGenericGoogleEXT_YES,3,Average,Below average,Below average,Enabled,[protein rich greek yogurt],USA_EDP_OIKOS_BAUPPC2026_Consid_CPC_All_BlackRTBGenericGoogleEXT_YES,3,Average,Below average,Below average
Enabled,[greek yogurt with high protein],USA_EDP_OIKOS_BAUPPC2026_Consid_CPC_All_BlackRTBGenericGoogleEXT_YES,3,Average,Below average,Below average,Enabled,[greek yogurt with high protein],USA_EDP_OIKOS_BAUPPC2026_Consid_CPC_All_BlackRTBGenericGoogleEXT_YES,3,Average,Below average,Below average,Enabled,[greek yogurt with high protein],USA_EDP_OIKOS_BAUPPC2026_Consid_CPC_All_BlackRTBGenericGoogleEXT_YES,3,Average,Below average,Below average
Enabled,[greek yogurt with protein],USA_EDP_OIKOS_BAUPPC2026_Consid_CPC_All_BlackRTBGenericGoogleEXT_YES,3,Average,Below average,Below average,Enabled,[greek yogurt with protein],USA_EDP_OIKOS_BAUPPC2026_Consid_CPC_All_BlackRTBGenericGoogleEXT_YES,3,Average,Below average,Below average,Enabled,[greek yogurt with protein],USA_EDP_OIKOS_BAUPPC2026_Consid_CPC_All_BlackRTBGenericGoogleEXT_YES,3,Average,Below average,Below average
Enabled,[yogurt high in protein],USA_EDP_OIKOS_BAUPPC2026_Consid_CPC_All_BlackRTBGenericGoogleEXT_YES,3,Average,Below average,Below average,Enabled,[yogurt high in protein],USA_EDP_OIKOS_BAUPPC2026_Consid_CPC_All_BlackRTBGenericGoogleEXT_YES,3,Average,Below average,Below average,Enabled,[yogurt high in protein],USA_EDP_OIKOS_BAUPPC2026_Consid_CPC_All_BlackRTBGenericGoogleEXT_YES,3,Average,Below average,Below average
Enabled,[yogurt high protein],USA_EDP_OIKOS_BAUPPC2026_Consid_CPC_All_BlackRTBGenericGoogleEXT_YES,3,Average,Below average,Below average,Enabled,[yogurt high protein],USA_EDP_OIKOS_BAUPPC2026_Consid_CPC_All_BlackRTBGenericGoogleEXT_YES,3,Average,Below average,Below average,Enabled,[yogurt high protein],USA_EDP_OIKOS_BAUPPC2026_Consid_CPC_All_BlackRTBGenericGoogleEXT_YES,3,Average,Below average,Below average
Enabled,[yogurt for protein],USA_EDP_OIKOS_BAUPPC2026_Consid_CPC_All_BlackRTBGenericGoogleEXT_YES,3,Average,Below average,Below average,Enabled,[yogurt for protein],USA_EDP_OIKOS_BAUPPC2026_Consid_CPC_All_BlackRTBGenericGoogleEXT_YES,3,Average,Below average,Below average,Enabled,[yogurt for protein],USA_EDP_OIKOS_BAUPPC2026_Consid_CPC_All_BlackRTBGenericGoogleEXT_YES,3,Average,Below average,Below average
Enabled,[protein yogurt],USA_EDP_OIKOS_BAUPPC2026_Consid_CPC_All_BlackRTBGenericGoogleEXT_YES,5,Above average,Below average,Below average,Enabled,[protein yogurt],USA_EDP_OIKOS_BAUPPC2026_Consid_CPC_All_BlackRTBGenericGoogleEXT_YES,5,Above average,Below average,Below average,Enabled,[protein yogurt],USA_EDP_OIKOS_BAUPPC2026_Consid_CPC_All_BlackRTBGenericGoogleEXT_YES,5,Above average,Below average,Below average
Enabled,[good protein yogurt],USA_EDP_OIKOS_BAUPPC2026_Consid_CPC_All_BlackRTBGenericGoogleEXT_YES,3,Average,Below average,Below average,Enabled,[good protein yogurt],USA_EDP_OIKOS_BAUPPC2026_Consid_CPC_All_BlackRTBGenericGoogleEXT_YES,3,Average,Below average,Below average,Enabled,[good protein yogurt],USA_EDP_OIKOS_BAUPPC2026_Consid_CPC_All_BlackRTBGenericGoogleEXT_YES,3,Average,Below average,Below average
Enabled,[how much protein in greek yogurt],USA_EDP_OIKOS_BAUPPC2026_Consid_CPC_All_BlackRTBGenericGoogleEXT_YES,1,Below average,Below average,Below average,Enabled,[how much protein in greek yogurt],USA_EDP_OIKOS_BAUPPC2026_Consid_CPC_All_BlackRTBGenericGoogleEXT_YES,1,Below average,Below average,Below average,Enabled,[how much protein in greek yogurt],USA_EDP_OIKOS_BAUPPC2026_Consid_CPC_All_BlackRTBGenericGoogleEXT_YES,1,Below average,Below average,Below average
Enabled,[yogurt with high protein],USA_EDP_OIKOS_BAUPPC2026_Consid_CPC_All_BlackRTBGenericGoogleEXT_YES,3,Average,Below average,Below average,Enabled,[yogurt with high protein],USA_EDP_OIKOS_BAUPPC2026_Consid_CPC_All_BlackRTBGenericGoogleEXT_YES,3,Average,Below average,Below average,Enabled,[yogurt with high protein],USA_EDP_OIKOS_BAUPPC2026_Consid_CPC_All_BlackRTBGenericGoogleEXT_YES,3,Average,Below average,Below average
Enabled,[high protein snack ideas],USA_EDP_OIKOS_BAUPPC2026_Consid_CPC_All_BlackRTBGenericGoogleEXT_YES,1,Below average,Below average,Below average,Enabled,[high protein snack ideas],USA_EDP_OIKOS_BAUPPC2026_Consid_CPC_All_BlackRTBGenericGoogleEXT_YES,1,Below average,Below average,Below average,Enabled,[high protein snack ideas],USA_EDP_OIKOS_BAUPPC2026_Consid_CPC_All_BlackRTBGenericGoogleEXT_YES,1,Below average,Below average,Below average
Enabled,[high protein greek yogurt],USA_EDP_OIKOS_BAUPPC2026_Consid_CPC_All_BlackRTBGenericGoogleEXT_YES,3,Average,Below average,Below average,Enabled,[high protein greek yogurt],USA_EDP_OIKOS_BAUPPC2026_Consid_CPC_All_BlackRTBGenericGoogleEXT_YES,3,Average,Below average,Below average,Enabled,[high protein greek yogurt],USA_EDP_OIKOS_BAUPPC2026_Consid_CPC_All_BlackRTBGenericGoogleEXT_YES,3,Average,Below average,Below average
Enabled,[high protein yogurt],USA_EDP_OIKOS_BAUPPC2026_Consid_CPC_All_BlackRTBGenericGoogleEXT_YES,5,Above average,Below average,Below average,Enabled,[high protein yogurt],USA_EDP_OIKOS_BAUPPC2026_Consid_CPC_All_BlackRTBGenericGoogleEXT_YES,5,Above average,Below average,Below average,Enabled,[high protein yogurt],USA_EDP_OIKOS_BAUPPC2026_Consid_CPC_All_BlackRTBGenericGoogleEXT_YES,5,Above average,Below average,Below average
Enabled,[protein greek yogurt],USA_EDP_OIKOS_BAUPPC2026_Consid_CPC_All_BlackRTBGenericGoogleEXT_YES,3,Average,Below average,Below average,Enabled,[protein greek yogurt],USA_EDP_OIKOS_BAUPPC2026_Consid_CPC_All_BlackRTBGenericGoogleEXT_YES,3,Average,Below average,Below average,Enabled,[protein greek yogurt],USA_EDP_OIKOS_BAUPPC2026_Consid_CPC_All_BlackRTBGenericGoogleEXT_YES,3,Average,Below average,Below average
Enabled,[protein in greek yogurt],USA_EDP_OIKOS_BAUPPC2026_Consid_CPC_All_BlackRTBGenericGoogleEXT_YES,1,Below average,Below average,Below average,Enabled,[protein in greek yogurt],USA_EDP_OIKOS_BAUPPC2026_Consid_CPC_All_BlackRTBGenericGoogleEXT_YES,1,Below average,Below average,Below average,Enabled,[protein in greek yogurt],USA_EDP_OIKOS_BAUPPC2026_Consid_CPC_All_BlackRTBGenericGoogleEXT_YES,1,Below average,Below average,Below average
Enabled,[yogurt protein],USA_EDP_OIKOS_BAUPPC2026_Consid_CPC_All_BlackRTBGenericGoogleEXT_YES,4,Average,Average,Below average,Enabled,[yogurt protein],USA_EDP_OIKOS_BAUPPC2026_Consid_CPC_All_BlackRTBGenericGoogleEXT_YES,4,Average,Average,Below average,Enabled,[yogurt protein],USA_EDP_OIKOS_BAUPPC2026_Consid_CPC_All_BlackRTBGenericGoogleEXT_YES,4,Average,Average,Below average
Enabled,[yogurt with protein],USA_EDP_OIKOS_BAUPPC2026_Consid_CPC_All_BlackRTBGenericGoogleEXT_YES,3,Average,Below average,Below average,Enabled,[yogurt with protein],USA_EDP_OIKOS_BAUPPC2026_Consid_CPC_All_BlackRTBGenericGoogleEXT_YES,3,Average,Below average,Below average,Enabled,[yogurt with protein],USA_EDP_OIKOS_BAUPPC2026_Consid_CPC_All_BlackRTBGenericGoogleEXT_YES,3,Average,Below average,Below average
Enabled,[greek yogurt protein],USA_EDP_OIKOS_BAUPPC2026_Consid_CPC_All_BlackRTBGenericGoogleEXT_YES,3,Average,Below average,Below average,Enabled,[greek yogurt protein],USA_EDP_OIKOS_BAUPPC2026_Consid_CPC_All_BlackRTBGenericGoogleEXT_YES,3,Average,Below average,Below average,Enabled,[greek yogurt protein],USA_EDP_OIKOS_BAUPPC2026_Consid_CPC_All_BlackRTBGenericGoogleEXT_YES,3,Average,Below average,Below average
Enabled,[pro protein yogurt],USA_EDP_OIKOS_BAUPPC2026_Consid_CPC_All_BlackRTBGenericGoogleEXT_YES,5,Above average,Below average,Below average,Enabled,[pro protein yogurt],USA_EDP_OIKOS_BAUPPC2026_Consid_CPC_All_BlackRTBGenericGoogleEXT_YES,5,Above average,Below average,Below average,Enabled,[pro protein yogurt],USA_EDP_OIKOS_BAUPPC2026_Consid_CPC_All_BlackRTBGenericGoogleEXT_YES,5,Above average,Below average,Below average
Enabled,[best greek yogurt with protein],USA_EDP_OIKOS_BAUPPC2026_Consid_CPC_All_BlackRTBGenericGoogleEXT_YES,3,Average,Below average,Below average,Enabled,[best greek yogurt with protein],USA_EDP_OIKOS_BAUPPC2026_Consid_CPC_All_BlackRTBGenericGoogleEXT_YES,3,Average,Below average,Below average,Enabled,[best greek yogurt with protein],USA_EDP_OIKOS_BAUPPC2026_Consid_CPC_All_BlackRTBGenericGoogleEXT_YES,3,Average,Below average,Below average
Enabled,[best protein greek yogurt],USA_EDP_OIKOS_BAUPPC2026_Consid_CPC_All_BlackRTBGenericGoogleEXT_YES,3,Average,Below average,Below average,Enabled,[best protein greek yogurt],USA_EDP_OIKOS_BAUPPC2026_Consid_CPC_All_BlackRTBGenericGoogleEXT_YES,3,Average,Below average,Below average,Enabled,[best protein greek yogurt],USA_EDP_OIKOS_BAUPPC2026_Consid_CPC_All_BlackRTBGenericGoogleEXT_YES,3,Average,Below average,Below average
Enabled,[greek yogurt protein benefits],USA_EDP_OIKOS_BAUPPC2026_Consid_CPC_All_BlackEducationGenericGoogleEXT_YES,1,Below average,Below average,Below average,Enabled,[greek yogurt protein benefits],USA_EDP_OIKOS_BAUPPC2026_Consid_CPC_All_BlackEducationGenericGoogleEXT_YES,1,Below average,Below average,Below average,Enabled,[greek yogurt protein benefits],USA_EDP_OIKOS_BAUPPC2026_Consid_CPC_All_BlackEducationGenericGoogleEXT_YES,1,Below average,Below average,Below average
Enabled,[why is protein yogurt good],USA_EDP_OIKOS_BAUPPC2026_Consid_CPC_All_BlackEducationGenericGoogleEXT_YES, --, --, --, --,Enabled,[why is protein yogurt good],USA_EDP_OIKOS_BAUPPC2026_Consid_CPC_All_BlackEducationGenericGoogleEXT_YES, --, --, --, --,Enabled,[why is protein yogurt good],USA_EDP_OIKOS_BAUPPC2026_Consid_CPC_All_BlackEducationGenericGoogleEXT_YES, --, --, --, --
Enabled,[benefits of protein yogurt],USA_EDP_OIKOS_BAUPPC2026_Consid_CPC_All_BlackEducationGenericGoogleEXT_YES,3,Average,Below average,Below average,Enabled,[benefits of protein yogurt],USA_EDP_OIKOS_BAUPPC2026_Consid_CPC_All_BlackEducationGenericGoogleEXT_YES,3,Average,Below average,Below average,Enabled,[benefits of protein yogurt],USA_EDP_OIKOS_BAUPPC2026_Consid_CPC_All_BlackEducationGenericGoogleEXT_YES,3,Average,Below average,Below average
Enabled,[which yogurt is high in protein],USA_EDP_OIKOS_BAUPPC2026_Consid_CPC_All_BlackEducationGenericGoogleEXT_YES,3,Average,Below average,Below average,Enabled,[which yogurt is high in protein],USA_EDP_OIKOS_BAUPPC2026_Consid_CPC_All_BlackEducationGenericGoogleEXT_YES,3,Average,Below average,Below average,Enabled,[which yogurt is high in protein],USA_EDP_OIKOS_BAUPPC2026_Consid_CPC_All_BlackEducationGenericGoogleEXT_YES,3,Average,Below average,Below average
Enabled,[why protein yogurt good],USA_EDP_OIKOS_BAUPPC2026_Consid_CPC_All_BlackEducationGenericGoogleEXT_YES, --, --, --, --,Enabled,[why protein yogurt good],USA_EDP_OIKOS_BAUPPC2026_Consid_CPC_All_BlackEducationGenericGoogleEXT_YES, --, --, --, --,Enabled,[why protein yogurt good],USA_EDP_OIKOS_BAUPPC2026_Consid_CPC_All_BlackEducationGenericGoogleEXT_YES, --, --, --, --
Enabled,[protein yogurt benefits],USA_EDP_OIKOS_BAUPPC2026_Consid_CPC_All_BlackEducationGenericGoogleEXT_YES,3,Average,Below average,Below average,Enabled,[protein yogurt benefits],USA_EDP_OIKOS_BAUPPC2026_Consid_CPC_All_BlackEducationGenericGoogleEXT_YES,3,Average,Below average,Below average,Enabled,[protein yogurt benefits],USA_EDP_OIKOS_BAUPPC2026_Consid_CPC_All_BlackEducationGenericGoogleEXT_YES,3,Average,Below average,Below average
Enabled,[why is yogurt with protein good],USA_EDP_OIKOS_BAUPPC2026_Consid_CPC_All_BlackEducationGenericGoogleEXT_YES, --, --, --, --,Enabled,[why is yogurt with protein good],USA_EDP_OIKOS_BAUPPC2026_Consid_CPC_All_BlackEducationGenericGoogleEXT_YES, --, --, --, --,Enabled,[why is yogurt with protein good],USA_EDP_OIKOS_BAUPPC2026_Consid_CPC_All_BlackEducationGenericGoogleEXT_YES, --, --, --, --
Enabled,[benefit of protein yogurt],USA_EDP_OIKOS_BAUPPC2026_Consid_CPC_All_BlackEducationGenericGoogleEXT_YES, --, --, --, --,Enabled,[benefit of protein yogurt],USA_EDP_OIKOS_BAUPPC2026_Consid_CPC_All_BlackEducationGenericGoogleEXT_YES, --, --, --, --,Enabled,[benefit of protein yogurt],USA_EDP_OIKOS_BAUPPC2026_Consid_CPC_All_BlackEducationGenericGoogleEXT_YES, --, --, --, --
Enabled,[why yogurt with protein good],USA_EDP_OIKOS_BAUPPC2026_Consid_CPC_All_BlackEducationGenericGoogleEXT_YES, --, --, --, --,Enabled,[why yogurt with protein good],USA_EDP_OIKOS_BAUPPC2026_Consid_CPC_All_BlackEducationGenericGoogleEXT_YES, --, --, --, --,Enabled,[why yogurt with protein good],USA_EDP_OIKOS_BAUPPC2026_Consid_CPC_All_BlackEducationGenericGoogleEXT_YES, --, --, --, --
Enabled,[oikos pro yogurt],USA_EDP_OIKOS_BAUPPC2026_Consid_CPC_All_BlackYogurtBrandGoogleEXT_YES,6,Above average,Average,Below average,Enabled,[oikos pro yogurt],USA_EDP_OIKOS_BAUPPC2026_Consid_CPC_All_BlackYogurtBrandGoogleEXT_YES,6,Above average,Average,Below average,Enabled,[oikos pro yogurt],USA_EDP_OIKOS_BAUPPC2026_Consid_CPC_All_BlackYogurtBrandGoogleEXT_YES,6,Above average,Average,Below average
Enabled,[oikos pro],USA_EDP_OIKOS_BAUPPC2026_Consid_CPC_All_BlackYogurtBrandGoogleEXT_YES,7,Above average,Above average,Below average,Enabled,[oikos pro],USA_EDP_OIKOS_BAUPPC2026_Consid_CPC_All_BlackYogurtBrandGoogleEXT_YES,7,Above average,Above average,Below average,Enabled,[oikos pro],USA_EDP_OIKOS_BAUPPC2026_Consid_CPC_All_BlackYogurtBrandGoogleEXT_YES,7,Above average,Above average,Below average
Enabled,[protein yogurt nutrition facts],USA_EDP_OIKOS_BAUPPC2026_Consid_CPC_All_BlackOccasionGenericGoogleEXT_YES,3,Average,Below average,Below average,Enabled,[protein yogurt nutrition facts],USA_EDP_OIKOS_BAUPPC2026_Consid_CPC_All_BlackOccasionGenericGoogleEXT_YES,3,Average,Below average,Below average,Enabled,[protein yogurt nutrition facts],USA_EDP_OIKOS_BAUPPC2026_Consid_CPC_All_BlackOccasionGenericGoogleEXT_YES,3,Average,Below average,Below average
Enabled,[nonfat protein yogurt],USA_EDP_OIKOS_BAUPPC2026_Consid_CPC_All_BlackOccasionGenericGoogleEXT_YES,3,Average,Below average,Below average,Enabled,[nonfat protein yogurt],USA_EDP_OIKOS_BAUPPC2026_Consid_CPC_All_BlackOccasionGenericGoogleEXT_YES,3,Average,Below average,Below average,Enabled,[nonfat protein yogurt],USA_EDP_OIKOS_BAUPPC2026_Consid_CPC_All_BlackOccasionGenericGoogleEXT_YES,3,Average,Below average,Below average
Enabled,[nonfat protein yogurt snack],USA_EDP_OIKOS_BAUPPC2026_Consid_CPC_All_BlackOccasionGenericGoogleEXT_YES, --, --, --, --,Enabled,[nonfat protein yogurt snack],USA_EDP_OIKOS_BAUPPC2026_Consid_CPC_All_BlackOccasionGenericGoogleEXT_YES, --, --, --, --,Enabled,[nonfat protein yogurt snack],USA_EDP_OIKOS_BAUPPC2026_Consid_CPC_All_BlackOccasionGenericGoogleEXT_YES, --, --, --, --
Enabled,[oikos triple zero],USA_EDP_OIKOS_BAUPPC2026_Consid_CPC_All_BlackBrandGoogleEXT_YES,7,Above average,Above average,Below average,Enabled,[oikos triple zero],USA_EDP_OIKOS_BAUPPC2026_Consid_CPC_All_BlackBrandGoogleEXT_YES,7,Above average,Above average,Below average,Enabled,[oikos triple zero],USA_EDP_OIKOS_BAUPPC2026_Consid_CPC_All_BlackBrandGoogleEXT_YES,7,Above average,Above average,Below average
Enabled,[oikos triple zero yogurt],USA_EDP_OIKOS_BAUPPC2026_Consid_CPC_All_BlackBrandGoogleEXT_YES,6,Above average,Average,Below average,Enabled,[oikos triple zero yogurt],USA_EDP_OIKOS_BAUPPC2026_Consid_CPC_All_BlackBrandGoogleEXT_YES,6,Above average,Average,Below average,Enabled,[oikos triple zero yogurt],USA_EDP_OIKOS_BAUPPC2026_Consid_CPC_All_BlackBrandGoogleEXT_YES,6,Above average,Average,Below average
Enabled,[oikos triple zero greek yogurt],USA_EDP_OIKOS_BAUPPC2026_Consid_CPC_All_BlackBrandGoogleEXT_YES,6,Above average,Average,Below average,Enabled,[oikos triple zero greek yogurt],USA_EDP_OIKOS_BAUPPC2026_Consid_CPC_All_BlackBrandGoogleEXT_YES,6,Above average,Average,Below average,Enabled,[oikos triple zero greek yogurt],USA_EDP_OIKOS_BAUPPC2026_Consid_CPC_All_BlackBrandGoogleEXT_YES,6,Above average,Average,Below average
Enabled,[triple zero yogurt],USA_EDP_OIKOS_BAUPPC2026_Consid_CPC_All_BlackBrandGoogleEXT_YES,7,Above average,Average,Average,Enabled,[triple zero yogurt],USA_EDP_OIKOS_BAUPPC2026_Consid_CPC_All_BlackBrandGoogleEXT_YES,7,Above average,Average,Average,Enabled,[triple zero yogurt],USA_EDP_OIKOS_BAUPPC2026_Consid_CPC_All_BlackBrandGoogleEXT_YES,7,Above average,Average,Average
Enabled,[oikos yogurt],USA_EDP_OIKOS_BAUPPC2026_Consid_CPC_All_GeneralBrandGoogleEXT_YES,7,Above average,Above average,Below average,Enabled,[oikos yogurt],USA_EDP_OIKOS_BAUPPC2026_Consid_CPC_All_GeneralBrandGoogleEXT_YES,7,Above average,Above average,Below average,Enabled,[oikos yogurt],USA_EDP_OIKOS_BAUPPC2026_Consid_CPC_All_GeneralBrandGoogleEXT_YES,7,Above average,Above average,Below average
Enabled,[danone oikos],USA_EDP_OIKOS_BAUPPC2026_Consid_CPC_All_GeneralBrandGoogleEXT_YES,7,Above average,Average,Average,Enabled,[danone oikos],USA_EDP_OIKOS_BAUPPC2026_Consid_CPC_All_GeneralBrandGoogleEXT_YES,7,Above average,Average,Average,Enabled,[danone oikos],USA_EDP_OIKOS_BAUPPC2026_Consid_CPC_All_GeneralBrandGoogleEXT_YES,7,Above average,Average,Average
Enabled,[oikos],USA_EDP_OIKOS_BAUPPC2026_Consid_CPC_All_GeneralBrandGoogleEXT_YES, --, --, --, --,Enabled,[oikos],USA_EDP_OIKOS_BAUPPC2026_Consid_CPC_All_GeneralBrandGoogleEXT_YES, --, --, --, --,Enabled,[oikos],USA_EDP_OIKOS_BAUPPC2026_Consid_CPC_All_GeneralBrandGoogleEXT_YES, --, --, --, --
Enabled,[oikos danone],USA_EDP_OIKOS_BAUPPC2026_Consid_CPC_All_GeneralBrandGoogleEXT_YES,6,Above average,Average,Below average,Enabled,[oikos danone],USA_EDP_OIKOS_BAUPPC2026_Consid_CPC_All_GeneralBrandGoogleEXT_YES,6,Above average,Average,Below average,Enabled,[oikos danone],USA_EDP_OIKOS_BAUPPC2026_Consid_CPC_All_GeneralBrandGoogleEXT_YES,6,Above average,Average,Below average
Enabled,[lala gold],USA_EDP_OIKOS_BAUPPC2026_Consid_CPC_All_GeneralConquestingGoogleEXT_YES,1,Below average,Below average,Below average,Enabled,[lala gold],USA_EDP_OIKOS_BAUPPC2026_Consid_CPC_All_GeneralConquestingGoogleEXT_YES,1,Below average,Below average,Below average,Enabled,[lala gold],USA_EDP_OIKOS_BAUPPC2026_Consid_CPC_All_GeneralConquestingGoogleEXT_YES,1,Below average,Below average,Below average
Enabled,[lala smoothie],USA_EDP_OIKOS_BAUPPC2026_Consid_CPC_All_GeneralConquestingGoogleEXT_YES,1,Below average,Below average,Below average,Enabled,[lala smoothie],USA_EDP_OIKOS_BAUPPC2026_Consid_CPC_All_GeneralConquestingGoogleEXT_YES,1,Below average,Below average,Below average,Enabled,[lala smoothie],USA_EDP_OIKOS_BAUPPC2026_Consid_CPC_All_GeneralConquestingGoogleEXT_YES,1,Below average,Below average,Below average
Enabled,[lala yogurt],USA_EDP_OIKOS_BAUPPC2026_Consid_CPC_All_GeneralConquestingGoogleEXT_YES,1,Below average,Below average,Below average,Enabled,[lala yogurt],USA_EDP_OIKOS_BAUPPC2026_Consid_CPC_All_GeneralConquestingGoogleEXT_YES,1,Below average,Below average,Below average,Enabled,[lala yogurt],USA_EDP_OIKOS_BAUPPC2026_Consid_CPC_All_GeneralConquestingGoogleEXT_YES,1,Below average,Below average,Below average
Enabled,[lala protein],USA_EDP_OIKOS_BAUPPC2026_Consid_CPC_All_GeneralConquestingGoogleEXT_YES,1,Below average,Below average,Below average,Enabled,[lala protein],USA_EDP_OIKOS_BAUPPC2026_Consid_CPC_All_GeneralConquestingGoogleEXT_YES,1,Below average,Below average,Below average,Enabled,[lala protein],USA_EDP_OIKOS_BAUPPC2026_Consid_CPC_All_GeneralConquestingGoogleEXT_YES,1,Below average,Below average,Below average
Enabled,[lala yogurt drink],USA_EDP_OIKOS_BAUPPC2026_Consid_CPC_All_GeneralConquestingGoogleEXT_YES,1,Below average,Below average,Below average,Enabled,[lala yogurt drink],USA_EDP_OIKOS_BAUPPC2026_Consid_CPC_All_GeneralConquestingGoogleEXT_YES,1,Below average,Below average,Below average,Enabled,[lala yogurt drink],USA_EDP_OIKOS_BAUPPC2026_Consid_CPC_All_GeneralConquestingGoogleEXT_YES,1,Below average,Below average,Below average
Enabled,[lala yogurt smoothie],USA_EDP_OIKOS_BAUPPC2026_Consid_CPC_All_GeneralConquestingGoogleEXT_YES,1,Below average,Below average,Below average,Enabled,[lala yogurt smoothie],USA_EDP_OIKOS_BAUPPC2026_Consid_CPC_All_GeneralConquestingGoogleEXT_YES,1,Below average,Below average,Below average,Enabled,[lala yogurt smoothie],USA_EDP_OIKOS_BAUPPC2026_Consid_CPC_All_GeneralConquestingGoogleEXT_YES,1,Below average,Below average,Below average
Enabled,[lala gold smoothie],USA_EDP_OIKOS_BAUPPC2026_Consid_CPC_All_GeneralConquestingGoogleEXT_YES,1,Below average,Below average,Below average,Enabled,[lala gold smoothie],USA_EDP_OIKOS_BAUPPC2026_Consid_CPC_All_GeneralConquestingGoogleEXT_YES,1,Below average,Below average,Below average,Enabled,[lala gold smoothie],USA_EDP_OIKOS_BAUPPC2026_Consid_CPC_All_GeneralConquestingGoogleEXT_YES,1,Below average,Below average,Below average
Enabled,[chobani],USA_EDP_OIKOS_BAUPPC2026_Consid_CPC_All_GeneralConquestingGoogleEXT_YES,1,Below average,Below average,Below average,Enabled,[chobani],USA_EDP_OIKOS_BAUPPC2026_Consid_CPC_All_GeneralConquestingGoogleEXT_YES,1,Below average,Below average,Below average,Enabled,[chobani],USA_EDP_OIKOS_BAUPPC2026_Consid_CPC_All_GeneralConquestingGoogleEXT_YES,1,Below average,Below average,Below average
Enabled,[chobani high protein zero added sugar],USA_EDP_OIKOS_BAUPPC2026_Consid_CPC_All_GeneralConquestingGoogleEXT_YES,1,Below average,Below average,Below average,Enabled,[chobani high protein zero added sugar],USA_EDP_OIKOS_BAUPPC2026_Consid_CPC_All_GeneralConquestingGoogleEXT_YES,1,Below average,Below average,Below average,Enabled,[chobani high protein zero added sugar],USA_EDP_OIKOS_BAUPPC2026_Consid_CPC_All_GeneralConquestingGoogleEXT_YES,1,Below average,Below average,Below average
Enabled,[chobani 20g protein],USA_EDP_OIKOS_BAUPPC2026_Consid_CPC_All_GeneralConquestingGoogleEXT_YES,1,Below average,Below average,Below average,Enabled,[chobani 20g protein],USA_EDP_OIKOS_BAUPPC2026_Consid_CPC_All_GeneralConquestingGoogleEXT_YES,1,Below average,Below average,Below average,Enabled,[chobani 20g protein],USA_EDP_OIKOS_BAUPPC2026_Consid_CPC_All_GeneralConquestingGoogleEXT_YES,1,Below average,Below average,Below average
Enabled,[chobani high protein],USA_EDP_OIKOS_BAUPPC2026_Consid_CPC_All_GeneralConquestingGoogleEXT_YES,2,Below average,Average,Below average,Enabled,[chobani high protein],USA_EDP_OIKOS_BAUPPC2026_Consid_CPC_All_GeneralConquestingGoogleEXT_YES,2,Below average,Average,Below average,Enabled,[chobani high protein],USA_EDP_OIKOS_BAUPPC2026_Consid_CPC_All_GeneralConquestingGoogleEXT_YES,2,Below average,Average,Below average
Enabled,[chobani greek yogurt],USA_EDP_OIKOS_BAUPPC2026_Consid_CPC_All_GeneralConquestingGoogleEXT_YES,1,Below average,Below average,Below average,Enabled,[chobani greek yogurt],USA_EDP_OIKOS_BAUPPC2026_Consid_CPC_All_GeneralConquestingGoogleEXT_YES,1,Below average,Below average,Below average,Enabled,[chobani greek yogurt],USA_EDP_OIKOS_BAUPPC2026_Consid_CPC_All_GeneralConquestingGoogleEXT_YES,1,Below average,Below average,Below average
Enabled,[chobani protein],USA_EDP_OIKOS_BAUPPC2026_Consid_CPC_All_GeneralConquestingGoogleEXT_YES,2,Below average,Average,Below average,Enabled,[chobani protein],USA_EDP_OIKOS_BAUPPC2026_Consid_CPC_All_GeneralConquestingGoogleEXT_YES,2,Below average,Average,Below average,Enabled,[chobani protein],USA_EDP_OIKOS_BAUPPC2026_Consid_CPC_All_GeneralConquestingGoogleEXT_YES,2,Below average,Average,Below average
Enabled,[chobani yogurt],USA_EDP_OIKOS_BAUPPC2026_Consid_CPC_All_GeneralConquestingGoogleEXT_YES,1,Below average,Below average,Below average,Enabled,[chobani yogurt],USA_EDP_OIKOS_BAUPPC2026_Consid_CPC_All_GeneralConquestingGoogleEXT_YES,1,Below average,Below average,Below average,Enabled,[chobani yogurt],USA_EDP_OIKOS_BAUPPC2026_Consid_CPC_All_GeneralConquestingGoogleEXT_YES,1,Below average,Below average,Below average